{
  "resourceType" : "MedicationRequest",
  "id" : "100C-3-medication-prescription-request1",
  "meta" : {
    "profile" : ["http://hl7.eu/fhir/r5/mpd/StructureDefinition/MedicationRequest-eu-mpd"]
  },
  "text" : {
    "status" : "generated",
    "div" : "<div xmlns=\"http://www.w3.org/1999/xhtml\"><p class=\"res-header-id\"><b>Generated Narrative: MedicationRequest 100C-3-medication-prescription-request1</b></p><a name=\"100C-3-medication-prescription-request1\"> </a><a name=\"hc100C-3-medication-prescription-request1\"> </a><a name=\"100C-3-medication-prescription-request1-en-US\"> </a><div style=\"display: inline-block; background-color: #d9e0e7; padding: 6px; margin: 4px; border: 1px solid #8da1b4; border-radius: 5px; line-height: 60%\"><p style=\"margin-bottom: 0px\"/><p style=\"margin-bottom: 0px\">Profile: <a href=\"StructureDefinition-MedicationRequest-eu-mpd.html\">MedicationRequest: MPD</a></p></div><p><b>identifier</b>: 100-1/3</p><p><b>groupIdentifier</b>: 100</p><p><b>status</b>: Active</p><p><b>intent</b>: Option</p><h3>Medications</h3><table class=\"grid\"><tr><td style=\"display: none\">-</td><td><b>Concept</b></td></tr><tr><td style=\"display: none\">*</td><td><span title=\"Codes:{http://snomed.info/sct 376255008}\">Thalidomide 50 mg oral capsule</span></td></tr></table><p><b>subject</b>: <a href=\"Patient-patient1.html\">Thomas Engine  Male, DoB: 1950-09-15 ( 12345)</a></p><p><b>authoredOn</b>: 2024-10-03</p><p><b>requester</b>: <a href=\"PractitionerRole-doctor1.html\">PractitionerRole Clinical oncologist</a></p><h3>Reasons</h3><table class=\"grid\"><tr><td style=\"display: none\">-</td><td><b>Concept</b></td></tr><tr><td style=\"display: none\">*</td><td><span title=\"Codes:{http://snomed.info/sct 109989006}\">Multiple myeloma</span></td></tr></table><blockquote><p><b>dosageInstruction</b></p><p><b>timing</b>: Late Evening, Once per 1 day</p><h3>DoseAndRates</h3><table class=\"grid\"><tr><td style=\"display: none\">-</td><td><b>Dose[x]</b></td></tr><tr><td style=\"display: none\">*</td><td>4 Tablet<span style=\"background: LightGoldenRodYellow\"> (Details: SNOMED CT  code732936001 = '732936001')</span></td></tr></table></blockquote><h3>DispenseRequests</h3><table class=\"grid\"><tr><td style=\"display: none\">-</td><td><b>ValidityPeriod</b></td><td><b>NumberOfRepeatsAllowed</b></td><td><b>Quantity</b></td></tr><tr><td style=\"display: none\">*</td><td>2024-10-03 --&gt; 2024-12-03</td><td>1</td><td>168 Tablet<span style=\"background: LightGoldenRodYellow\"> (Details: SNOMED CT  code732936001 = '732936001')</span></td></tr></table></div>"
  },
  "identifier" : [{
    "value" : "100-1/3"
  }],
  "groupIdentifier" : {
    "value" : "100"
  },
  "status" : "active",
  "intent" : "option",
  "medication" : {
    "concept" : {
      "coding" : [{
        "system" : "http://snomed.info/sct",
        "code" : "376255008",
        "display" : "Thalidomide 50 mg oral capsule"
      }]
    }
  },
  "subject" : {
    "reference" : "Patient/patient1"
  },
  "authoredOn" : "2024-10-03",
  "requester" : {
    "reference" : "PractitionerRole/doctor1"
  },
  "reason" : [{
    "concept" : {
      "coding" : [{
        "system" : "http://snomed.info/sct",
        "code" : "109989006",
        "display" : "Multiple myeloma"
      }]
    }
  }],
  "dosageInstruction" : [{
    "timing" : {
      "repeat" : {
        "boundsDuration" : {
          "value" : 42,
          "unit" : "day",
          "system" : "http://unitsofmeasure.org",
          "code" : "d"
        },
        "frequency" : 1,
        "period" : 1,
        "periodUnit" : "d",
        "when" : ["EVE.late"]
      }
    },
    "doseAndRate" : [{
      "doseQuantity" : {
        "value" : 4,
        "unit" : "Tablet",
        "system" : "http://snomed.info/sct",
        "code" : "732936001"
      }
    }]
  }],
  "dispenseRequest" : {
    "validityPeriod" : {
      "start" : "2024-10-03",
      "end" : "2024-12-03"
    },
    "numberOfRepeatsAllowed" : 1,
    "quantity" : {
      "value" : 168,
      "unit" : "Tablet",
      "system" : "http://snomed.info/sct",
      "code" : "732936001"
    }
  }
}