{
  "resourceType" : "Medication",
  "id" : "02A2-CanifugCremolumPessaryItem",
  "meta" : {
    "profile" : ["http://hl7.eu/fhir/r5/mpd/StructureDefinition/Medication-eu-mpd"]
  },
  "text" : {
    "status" : "extensions",
    "div" : "<div xmlns=\"http://www.w3.org/1999/xhtml\"><p class=\"res-header-id\"><b>Generated Narrative: Medication 02A2-CanifugCremolumPessaryItem</b></p><a name=\"02A2-CanifugCremolumPessaryItem\"> </a><a name=\"hc02A2-CanifugCremolumPessaryItem\"> </a><a name=\"02A2-CanifugCremolumPessaryItem-en-US\"> </a><div style=\"display: inline-block; background-color: #d9e0e7; padding: 6px; margin: 4px; border: 1px solid #8da1b4; border-radius: 5px; line-height: 60%\"><p style=\"margin-bottom: 0px\"/><p style=\"margin-bottom: 0px\">Profile: <a href=\"StructureDefinition-Medication-eu-mpd.html\">Medication: MPD</a></p></div><p><b>Medication - Unit of presentation</b>: <span title=\"Codes:{http://standardterms.edqm.eu 15039000}\">Pessary</span></p><p><b>doseForm</b>: <span title=\"Codes:{http://standardterms.edqm.eu 10909000}\">Pessary</span></p><p><b>totalVolume</b>: 6 Pessary<span style=\"background: LightGoldenRodYellow\"> (Details: standardterms.edqm.eu  code15039000 = '15039000')</span></p><blockquote><p><b>ingredient</b></p><h3>Items</h3><table class=\"grid\"><tr><td style=\"display: none\">-</td><td><b>Concept</b></td></tr><tr><td style=\"display: none\">*</td><td><span title=\"Codes:{http://snomed.info/sct 387325003}\">Clotrimazole</span></td></tr></table><p><b>isActive</b>: true</p><p><b>strength</b>: 100 milligram<span style=\"background: LightGoldenRodYellow\"> (Details: UCUM  codemg = 'mg')</span>/1 Pessary<span style=\"background: LightGoldenRodYellow\"> (Details: standardterms.edqm.eu  code15039000 = '15039000')</span></p></blockquote></div>"
  },
  "extension" : [{
    "url" : "http://profiles.ihe.net/PHARM/MPD/StructureDefinition/ihe-ext-medication-unitofpresentation",
    "valueCodeableConcept" : {
      "coding" : [{
        "system" : "http://standardterms.edqm.eu",
        "code" : "15039000",
        "display" : "Pessary"
      }]
    }
  }],
  "doseForm" : {
    "coding" : [{
      "system" : "http://standardterms.edqm.eu",
      "code" : "10909000",
      "display" : "Pessary"
    }]
  },
  "totalVolume" : {
    "value" : 6,
    "unit" : "Pessary",
    "system" : "http://standardterms.edqm.eu",
    "code" : "15039000"
  },
  "ingredient" : [{
    "item" : {
      "concept" : {
        "coding" : [{
          "system" : "http://snomed.info/sct",
          "code" : "387325003",
          "display" : "Clotrimazole"
        }]
      }
    },
    "isActive" : true,
    "strengthRatio" : {
      "numerator" : {
        "value" : 100,
        "unit" : "milligram",
        "system" : "http://unitsofmeasure.org",
        "code" : "mg"
      },
      "denominator" : {
        "value" : 1,
        "unit" : "Pessary",
        "system" : "http://standardterms.edqm.eu",
        "code" : "15039000"
      }
    }
  }]
}