<?xml version="1.0" encoding="UTF-8"?>

<Medication xmlns="http://hl7.org/fhir">
  <id value="01B-Cefuroxime1500GenericConcept"/>
  <meta>
    <profile value="http://hl7.eu/fhir/mpd/StructureDefinition/Medication-eu-mpd"/>
  </meta>
  <text>
    <status value="generated"/><div xmlns="http://www.w3.org/1999/xhtml"><p class="res-header-id"><b>Generated Narrative: Medication 01B-Cefuroxime1500GenericConcept</b></p><a name="01B-Cefuroxime1500GenericConcept"> </a><a name="hc01B-Cefuroxime1500GenericConcept"> </a><a name="01B-Cefuroxime1500GenericConcept-en-US"> </a><p><b>code</b>: <span title="Codes:{http://snomed.info/sct 1193769004}">Cefuroxime (as cefuroxime sodium) 1.5 g powder for solution for injection vial</span></p></div>
  </text>
  <code>
    <coding>
      <system value="http://snomed.info/sct"/>
      <code value="1193769004"/>
      <display value="Cefuroxime (as cefuroxime sodium) 1.5 g powder for solution for injection vial"/>
    </coding>
  </code>
</Medication>