<?xml version="1.0" encoding="UTF-8"?>

<MedicationRequest xmlns="http://hl7.org/fhir">
  <id value="200C-2-medication-prescription-request2"/>
  <meta>
    <profile value="http://hl7.eu/fhir/mpd/StructureDefinition/MedicationRequest-eu-mpd"/>
  </meta>
  <text>
    <status value="generated"/><div xmlns="http://www.w3.org/1999/xhtml"><p class="res-header-id"><b>Generated Narrative: MedicationRequest 200C-2-medication-prescription-request2</b></p><a name="200C-2-medication-prescription-request2"> </a><a name="hc200C-2-medication-prescription-request2"> </a><a name="200C-2-medication-prescription-request2-en-US"> </a><p><b>identifier</b>: 200-2/2</p><p><b>status</b>: Active</p><p><b>intent</b>: Order</p><p><b>medication</b>: <span title="Codes:{http://snomed.info/sct 374647008}">Amoxicillin 875 mg oral tablet</span></p><p><b>subject</b>: <a href="Patient-patient1.html">Thomas Engine  Male, DoB: 1950-09-15 ( 12345)</a></p><p><b>authoredOn</b>: 2024-10-06</p><p><b>requester</b>: <a href="PractitionerRole-doctor1.html">PractitionerRole Clinical oncologist</a></p><p><b>reasonCode</b>: <span title="Codes:{http://snomed.info/sct 88348008}">Maxillary sinusitis</span></p><p><b>groupIdentifier</b>: 200</p><blockquote><p><b>dosageInstruction</b></p><p><b>timing</b>: 2 per 1 day</p><h3>DoseAndRates</h3><table class="grid"><tr><td style="display: none">-</td><td><b>Dose[x]</b></td></tr><tr><td style="display: none">*</td><td>1 Tablet<span style="background: LightGoldenRodYellow"> (Details: SNOMED CT  code732936001 = 'Tablet (unit of presentation)')</span></td></tr></table></blockquote><h3>DispenseRequests</h3><table class="grid"><tr><td style="display: none">-</td><td><b>ValidityPeriod</b></td><td><b>NumberOfRepeatsAllowed</b></td><td><b>Quantity</b></td></tr><tr><td style="display: none">*</td><td>2024-10-06 --&gt; 2024-12-06</td><td>1</td><td>14 Tablet<span style="background: LightGoldenRodYellow"> (Details: SNOMED CT  code732936001 = 'Tablet (unit of presentation)')</span></td></tr></table></div>
  </text>
  <identifier>
    <value value="200-2/2"/>
  </identifier>
  <status value="active"/>
  <intent value="order"/>
  <medicationCodeableConcept>
    <coding>
      <system value="http://snomed.info/sct"/>
      <code value="374647008"/>
      <display value="Amoxicillin 875 mg oral tablet"/>
    </coding>
  </medicationCodeableConcept>
  <subject>
    <reference value="Patient/patient1"/>
  </subject>
  <authoredOn value="2024-10-06"/>
  <requester>
    <reference value="PractitionerRole/doctor1"/>
  </requester>
  <reasonCode>
    <coding>
      <system value="http://snomed.info/sct"/>
      <code value="88348008"/>
      <display value="Maxillary sinusitis"/>
    </coding>
  </reasonCode>
  <groupIdentifier>
    <value value="200"/>
  </groupIdentifier>
  <dosageInstruction>
    <timing>
      <repeat>
        <boundsDuration>
          <value value="7"/>
          <unit value="day"/>
          <system value="http://unitsofmeasure.org"/>
          <code value="d"/>
        </boundsDuration>
        <frequency value="2"/>
        <period value="1"/>
        <periodUnit value="d"/>
      </repeat>
    </timing>
    <doseAndRate>
      <doseQuantity>
        <value value="1"/>
        <unit value="Tablet"/>
        <system value="http://snomed.info/sct"/>
        <code value="732936001"/>
      </doseQuantity>
    </doseAndRate>
  </dosageInstruction>
  <dispenseRequest>
    <validityPeriod>
      <start value="2024-10-06"/>
      <end value="2024-12-06"/>
    </validityPeriod>
    <numberOfRepeatsAllowed value="1"/>
    <quantity>
      <value value="14"/>
      <unit value="Tablet"/>
      <system value="http://snomed.info/sct"/>
      <code value="732936001"/>
    </quantity>
  </dispenseRequest>
</MedicationRequest>