{"resourceType":"ImplementationGuide","id":"hl7.fhir.eu.mpd","text":{"status":"generated","div":"<div xmlns=\"http://www.w3.org/1999/xhtml\"><p class=\"res-header-id\"><b>Generated Narrative: ImplementationGuide hl7.fhir.eu.mpd</b></p><a name=\"hl7.fhir.eu.mpd\"> </a><a name=\"hchl7.fhir.eu.mpd\"> </a><a name=\"hl7.fhir.eu.mpd-en-US\"> </a><h2>Hl7EuMedPrescriptionDispenseIg</h2><p>The official URL for this implementation guide is: </p><pre>http://hl7.eu/fhir/mpd/ImplementationGuide/hl7.fhir.eu.mpd</pre><div><p>This guide describes how to represent in HL7 FHIR Prescription and Dispense in the European context</p>\n</div></div>"},"url":"http://hl7.eu/fhir/mpd/ImplementationGuide/hl7.fhir.eu.mpd","version":"0.1.0","name":"Hl7EuMedPrescriptionDispenseIg","title":"HL7 Europe Medication Prescription and Dispense","status":"draft","date":"2025-02-17T18:10:14+00:00","publisher":"HL7 Europe","contact":[{"name":"HL7 Europe","telecom":[{"system":"url","value":"http://hl7.eu"}]}],"description":"This guide describes how to represent in HL7 FHIR Prescription and Dispense in the European context","jurisdiction":[{"coding":[{"system":"http://unstats.un.org/unsd/methods/m49/m49.htm","code":"150","display":"Europe"}]}],"copyright":"Used by permission of HL7 Europe, all rights reserved Creative Commons License","packageId":"hl7.fhir.eu.mpd","license":"CC0-1.0","fhirVersion":["4.0.1"],"dependsOn":[{"id":"hl7tx","extension":[{"url":"http://hl7.org/fhir/tools/StructureDefinition/implementationguide-dependency-comment","valueMarkdown":"Automatically added as a dependency - all IGs depend on HL7 Terminology"}],"uri":"http://terminology.hl7.org/ImplementationGuide/hl7.terminology","packageId":"hl7.terminology.r4","version":"6.2.0"},{"id":"hl7ext","extension":[{"url":"http://hl7.org/fhir/tools/StructureDefinition/implementationguide-dependency-comment","valueMarkdown":"Automatically added as a dependency - all IGs depend on the HL7 Extension Pack"}],"uri":"http://hl7.org/fhir/extensions/ImplementationGuide/hl7.fhir.uv.extensions","packageId":"hl7.fhir.uv.extensions.r4","version":"5.2.0"},{"id":"hl7_fhir_uv_ips","uri":"http://hl7.org/fhir/uv/ips/ImplementationGuide/hl7.fhir.uv.ips","packageId":"hl7.fhir.uv.ips","version":"current"},{"id":"hl7_fhir_eu_extensions","uri":"http://hl7.eu/fhir/extensions/ImplementationGuide/hl7.fhir.eu.extensions","packageId":"hl7.fhir.eu.extensions","version":"current"},{"id":"hl7_fhir_eu_base_r4","uri":"http://hl7.eu/fhir/base/ImplementationGuide/hl7.fhir.eu.base.r4","packageId":"hl7.fhir.eu.base.r4","version":"current"}],"definition":{"extension":[{"extension":[{"url":"code","valueString":"copyrightyear"},{"url":"value","valueString":"2023+"}],"url":"http://hl7.org/fhir/tools/StructureDefinition/ig-parameter"},{"extension":[{"url":"code","valueString":"releaselabel"},{"url":"value","valueString":"ci-build"}],"url":"http://hl7.org/fhir/tools/StructureDefinition/ig-parameter"},{"extension":[{"url":"code","valueString":"autoload-resources"},{"url":"value","valueString":"true"}],"url":"http://hl7.org/fhir/tools/StructureDefinition/ig-parameter"},{"extension":[{"url":"code","valueString":"path-liquid"},{"url":"value","valueString":"template/liquid"}],"url":"http://hl7.org/fhir/tools/StructureDefinition/ig-parameter"},{"extension":[{"url":"code","valueString":"path-liquid"},{"url":"value","valueString":"input/liquid"}],"url":"http://hl7.org/fhir/tools/StructureDefinition/ig-parameter"},{"extension":[{"url":"code","valueString":"path-qa"},{"url":"value","valueString":"temp/qa"}],"url":"http://hl7.org/fhir/tools/StructureDefinition/ig-parameter"},{"extension":[{"url":"code","valueString":"path-temp"},{"url":"value","valueString":"temp/pages"}],"url":"http://hl7.org/fhir/tools/StructureDefinition/ig-parameter"},{"extension":[{"url":"code","valueString":"path-output"},{"url":"value","valueString":"output"}],"url":"http://hl7.org/fhir/tools/StructureDefinition/ig-parameter"},{"extension":[{"url":"code","valueString":"path-suppressed-warnings"},{"url":"value","valueString":"input/ignoreWarnings.txt"}],"url":"http://hl7.org/fhir/tools/StructureDefinition/ig-parameter"},{"extension":[{"url":"code","valueString":"path-history"},{"url":"value","valueString":"http://hl7.eu/fhir/mpd/history.html"}],"url":"http://hl7.org/fhir/tools/StructureDefinition/ig-parameter"},{"extension":[{"url":"code","valueString":"template-html"},{"url":"value","valueString":"template-page.html"}],"url":"http://hl7.org/fhir/tools/StructureDefinition/ig-parameter"},{"extension":[{"url":"code","valueString":"template-md"},{"url":"value","valueString":"template-page-md.html"}],"url":"http://hl7.org/fhir/tools/StructureDefinition/ig-parameter"},{"extension":[{"url":"code","valueString":"apply-contact"},{"url":"value","valueString":"true"}],"url":"http://hl7.org/fhir/tools/StructureDefinition/ig-parameter"},{"extension":[{"url":"code","valueString":"apply-context"},{"url":"value","valueString":"true"}],"url":"http://hl7.org/fhir/tools/StructureDefinition/ig-parameter"},{"extension":[{"url":"code","valueString":"apply-copyright"},{"url":"value","valueString":"true"}],"url":"http://hl7.org/fhir/tools/StructureDefinition/ig-parameter"},{"extension":[{"url":"code","valueString":"apply-jurisdiction"},{"url":"value","valueString":"true"}],"url":"http://hl7.org/fhir/tools/StructureDefinition/ig-parameter"},{"extension":[{"url":"code","valueString":"apply-license"},{"url":"value","valueString":"true"}],"url":"http://hl7.org/fhir/tools/StructureDefinition/ig-parameter"},{"extension":[{"url":"code","valueString":"apply-publisher"},{"url":"value","valueString":"true"}],"url":"http://hl7.org/fhir/tools/StructureDefinition/ig-parameter"},{"extension":[{"url":"code","valueString":"apply-version"},{"url":"value","valueString":"true"}],"url":"http://hl7.org/fhir/tools/StructureDefinition/ig-parameter"},{"extension":[{"url":"code","valueString":"apply-wg"},{"url":"value","valueString":"true"}],"url":"http://hl7.org/fhir/tools/StructureDefinition/ig-parameter"},{"extension":[{"url":"code","valueString":"active-tables"},{"url":"value","valueString":"true"}],"url":"http://hl7.org/fhir/tools/StructureDefinition/ig-parameter"},{"extension":[{"url":"code","valueString":"fmm-definition"},{"url":"value","valueString":"http://hl7.org/fhir/versions.html#maturity"}],"url":"http://hl7.org/fhir/tools/StructureDefinition/ig-parameter"},{"extension":[{"url":"code","valueString":"propagate-status"},{"url":"value","valueString":"true"}],"url":"http://hl7.org/fhir/tools/StructureDefinition/ig-parameter"},{"extension":[{"url":"code","valueString":"excludelogbinaryformat"},{"url":"value","valueString":"true"}],"url":"http://hl7.org/fhir/tools/StructureDefinition/ig-parameter"},{"extension":[{"url":"code","valueString":"tabbed-snapshots"},{"url":"value","valueString":"true"}],"url":"http://hl7.org/fhir/tools/StructureDefinition/ig-parameter"},{"url":"http://hl7.org/fhir/tools/StructureDefinition/ig-internal-dependency","valueCode":"hl7.fhir.uv.tools.r4#0.3.0"},{"extension":[{"url":"code","valueCode":"copyrightyear"},{"url":"value","valueString":"2023+"}],"url":"http://hl7.org/fhir/tools/StructureDefinition/ig-parameter"},{"extension":[{"url":"code","valueCode":"releaselabel"},{"url":"value","valueString":"ci-build"}],"url":"http://hl7.org/fhir/tools/StructureDefinition/ig-parameter"},{"extension":[{"url":"code","valueCode":"autoload-resources"},{"url":"value","valueString":"true"}],"url":"http://hl7.org/fhir/tools/StructureDefinition/ig-parameter"},{"extension":[{"url":"code","valueCode":"path-liquid"},{"url":"value","valueString":"template/liquid"}],"url":"http://hl7.org/fhir/tools/StructureDefinition/ig-parameter"},{"extension":[{"url":"code","valueCode":"path-liquid"},{"url":"value","valueString":"input/liquid"}],"url":"http://hl7.org/fhir/tools/StructureDefinition/ig-parameter"},{"extension":[{"url":"code","valueCode":"path-qa"},{"url":"value","valueString":"temp/qa"}],"url":"http://hl7.org/fhir/tools/StructureDefinition/ig-parameter"},{"extension":[{"url":"code","valueCode":"path-temp"},{"url":"value","valueString":"temp/pages"}],"url":"http://hl7.org/fhir/tools/StructureDefinition/ig-parameter"},{"extension":[{"url":"code","valueCode":"path-output"},{"url":"value","valueString":"output"}],"url":"http://hl7.org/fhir/tools/StructureDefinition/ig-parameter"},{"extension":[{"url":"code","valueCode":"path-suppressed-warnings"},{"url":"value","valueString":"input/ignoreWarnings.txt"}],"url":"http://hl7.org/fhir/tools/StructureDefinition/ig-parameter"},{"extension":[{"url":"code","valueCode":"path-history"},{"url":"value","valueString":"http://hl7.eu/fhir/mpd/history.html"}],"url":"http://hl7.org/fhir/tools/StructureDefinition/ig-parameter"},{"extension":[{"url":"code","valueCode":"template-html"},{"url":"value","valueString":"template-page.html"}],"url":"http://hl7.org/fhir/tools/StructureDefinition/ig-parameter"},{"extension":[{"url":"code","valueCode":"template-md"},{"url":"value","valueString":"template-page-md.html"}],"url":"http://hl7.org/fhir/tools/StructureDefinition/ig-parameter"},{"extension":[{"url":"code","valueCode":"apply-contact"},{"url":"value","valueString":"true"}],"url":"http://hl7.org/fhir/tools/StructureDefinition/ig-parameter"},{"extension":[{"url":"code","valueCode":"apply-context"},{"url":"value","valueString":"true"}],"url":"http://hl7.org/fhir/tools/StructureDefinition/ig-parameter"},{"extension":[{"url":"code","valueCode":"apply-copyright"},{"url":"value","valueString":"true"}],"url":"http://hl7.org/fhir/tools/StructureDefinition/ig-parameter"},{"extension":[{"url":"code","valueCode":"apply-jurisdiction"},{"url":"value","valueString":"true"}],"url":"http://hl7.org/fhir/tools/StructureDefinition/ig-parameter"},{"extension":[{"url":"code","valueCode":"apply-license"},{"url":"value","valueString":"true"}],"url":"http://hl7.org/fhir/tools/StructureDefinition/ig-parameter"},{"extension":[{"url":"code","valueCode":"apply-publisher"},{"url":"value","valueString":"true"}],"url":"http://hl7.org/fhir/tools/StructureDefinition/ig-parameter"},{"extension":[{"url":"code","valueCode":"apply-version"},{"url":"value","valueString":"true"}],"url":"http://hl7.org/fhir/tools/StructureDefinition/ig-parameter"},{"extension":[{"url":"code","valueCode":"apply-wg"},{"url":"value","valueString":"true"}],"url":"http://hl7.org/fhir/tools/StructureDefinition/ig-parameter"},{"extension":[{"url":"code","valueCode":"active-tables"},{"url":"value","valueString":"true"}],"url":"http://hl7.org/fhir/tools/StructureDefinition/ig-parameter"},{"extension":[{"url":"code","valueCode":"fmm-definition"},{"url":"value","valueString":"http://hl7.org/fhir/versions.html#maturity"}],"url":"http://hl7.org/fhir/tools/StructureDefinition/ig-parameter"},{"extension":[{"url":"code","valueCode":"propagate-status"},{"url":"value","valueString":"true"}],"url":"http://hl7.org/fhir/tools/StructureDefinition/ig-parameter"},{"extension":[{"url":"code","valueCode":"excludelogbinaryformat"},{"url":"value","valueString":"true"}],"url":"http://hl7.org/fhir/tools/StructureDefinition/ig-parameter"},{"extension":[{"url":"code","valueCode":"tabbed-snapshots"},{"url":"value","valueString":"true"}],"url":"http://hl7.org/fhir/tools/StructureDefinition/ig-parameter"},{"extension":[{"url":"code","valueCode":"copyrightyear"},{"url":"value","valueString":"2023+"}],"url":"http://hl7.org/fhir/tools/StructureDefinition/ig-parameter"},{"extension":[{"url":"code","valueCode":"releaselabel"},{"url":"value","valueString":"ci-build"}],"url":"http://hl7.org/fhir/tools/StructureDefinition/ig-parameter"},{"extension":[{"url":"code","valueCode":"autoload-resources"},{"url":"value","valueString":"true"}],"url":"http://hl7.org/fhir/tools/StructureDefinition/ig-parameter"},{"extension":[{"url":"code","valueCode":"path-liquid"},{"url":"value","valueString":"template/liquid"}],"url":"http://hl7.org/fhir/tools/StructureDefinition/ig-parameter"},{"extension":[{"url":"code","valueCode":"path-liquid"},{"url":"value","valueString":"input/liquid"}],"url":"http://hl7.org/fhir/tools/StructureDefinition/ig-parameter"},{"extension":[{"url":"code","valueCode":"path-qa"},{"url":"value","valueString":"temp/qa"}],"url":"http://hl7.org/fhir/tools/StructureDefinition/ig-parameter"},{"extension":[{"url":"code","valueCode":"path-temp"},{"url":"value","valueString":"temp/pages"}],"url":"http://hl7.org/fhir/tools/StructureDefinition/ig-parameter"},{"extension":[{"url":"code","valueCode":"path-output"},{"url":"value","valueString":"output"}],"url":"http://hl7.org/fhir/tools/StructureDefinition/ig-parameter"},{"extension":[{"url":"code","valueCode":"path-suppressed-warnings"},{"url":"value","valueString":"input/ignoreWarnings.txt"}],"url":"http://hl7.org/fhir/tools/StructureDefinition/ig-parameter"},{"extension":[{"url":"code","valueCode":"path-history"},{"url":"value","valueString":"http://hl7.eu/fhir/mpd/history.html"}],"url":"http://hl7.org/fhir/tools/StructureDefinition/ig-parameter"},{"extension":[{"url":"code","valueCode":"template-html"},{"url":"value","valueString":"template-page.html"}],"url":"http://hl7.org/fhir/tools/StructureDefinition/ig-parameter"},{"extension":[{"url":"code","valueCode":"template-md"},{"url":"value","valueString":"template-page-md.html"}],"url":"http://hl7.org/fhir/tools/StructureDefinition/ig-parameter"},{"extension":[{"url":"code","valueCode":"apply-contact"},{"url":"value","valueString":"true"}],"url":"http://hl7.org/fhir/tools/StructureDefinition/ig-parameter"},{"extension":[{"url":"code","valueCode":"apply-context"},{"url":"value","valueString":"true"}],"url":"http://hl7.org/fhir/tools/StructureDefinition/ig-parameter"},{"extension":[{"url":"code","valueCode":"apply-copyright"},{"url":"value","valueString":"true"}],"url":"http://hl7.org/fhir/tools/StructureDefinition/ig-parameter"},{"extension":[{"url":"code","valueCode":"apply-jurisdiction"},{"url":"value","valueString":"true"}],"url":"http://hl7.org/fhir/tools/StructureDefinition/ig-parameter"},{"extension":[{"url":"code","valueCode":"apply-license"},{"url":"value","valueString":"true"}],"url":"http://hl7.org/fhir/tools/StructureDefinition/ig-parameter"},{"extension":[{"url":"code","valueCode":"apply-publisher"},{"url":"value","valueString":"true"}],"url":"http://hl7.org/fhir/tools/StructureDefinition/ig-parameter"},{"extension":[{"url":"code","valueCode":"apply-version"},{"url":"value","valueString":"true"}],"url":"http://hl7.org/fhir/tools/StructureDefinition/ig-parameter"},{"extension":[{"url":"code","valueCode":"apply-wg"},{"url":"value","valueString":"true"}],"url":"http://hl7.org/fhir/tools/StructureDefinition/ig-parameter"},{"extension":[{"url":"code","valueCode":"active-tables"},{"url":"value","valueString":"true"}],"url":"http://hl7.org/fhir/tools/StructureDefinition/ig-parameter"},{"extension":[{"url":"code","valueCode":"fmm-definition"},{"url":"value","valueString":"http://hl7.org/fhir/versions.html#maturity"}],"url":"http://hl7.org/fhir/tools/StructureDefinition/ig-parameter"},{"extension":[{"url":"code","valueCode":"propagate-status"},{"url":"value","valueString":"true"}],"url":"http://hl7.org/fhir/tools/StructureDefinition/ig-parameter"},{"extension":[{"url":"code","valueCode":"excludelogbinaryformat"},{"url":"value","valueString":"true"}],"url":"http://hl7.org/fhir/tools/StructureDefinition/ig-parameter"},{"extension":[{"url":"code","valueCode":"tabbed-snapshots"},{"url":"value","valueString":"true"}],"url":"http://hl7.org/fhir/tools/StructureDefinition/ig-parameter"}],"grouping":[{"id":"eHNGuidelines","name":"Data Sets from eHN Guidelines","description":"eHealth Network Guidelines data sets represented as FHIR logical models. Please note, that eHN data sets do not have explicit information about cardinality and data types. New, fully machine-readable logical information models are being created in Xt-EHR project. See more information about new EHDS logical models work on [Logical Models page](logicalmodels.html)."},{"id":"FHIRProfiles","name":"FHIR Profiles","description":"Profiles for ePrescription and eDispensation use case. Note that there is no single profile for ePrescription, but only for MedicationRequest, which translates to a single line on a prescription (read more in [Implementation Notes](implementationnotes.html)). Profiles for Patient, PractitionerRole, and Organization are published in HL7 Europe Base IG. All profiles are based on [EHDS logical information models](logicalmodels.html) that are being developed by Xt-EHR project."},{"id":"ModelMaps","name":"Mappings from eHN Data Sets","description":"These concept maps represent a high-level mapping from eHN guidelines data sets and FHIR profiles in this IG. Please note that mappings from EHDS logical models are provided on [Logical models page](logicalmodels.html)."},{"id":"-ex-example","name":"Example: Example Instances","description":"These are example instances that show what data produced and consumed by systems conforming with this implementation guide might look like."}],"resource":[{"extension":[{"url":"http://hl7.org/fhir/tools/StructureDefinition/resource-sort","valueInteger":999999999},{"url":"http://hl7.org/fhir/StructureDefinition/implementationguide-page","valueUri":"StructureDefinition-Prescription.html"}],"reference":{"reference":"StructureDefinition/Prescription"},"name":"A - Prescription","description":"Prescription. Several Sections of the eHN guideline.","exampleBoolean":false,"groupingId":"eHNGuidelines"},{"extension":[{"url":"http://hl7.org/fhir/tools/StructureDefinition/resource-sort","valueInteger":999999999},{"url":"http://hl7.org/fhir/StructureDefinition/implementationguide-page","valueUri":"StructureDefinition-Subject.html"}],"reference":{"reference":"StructureDefinition/Subject"},"name":"A.1.1 Patient administrative data","description":"Patient. Sections A1.1 of the eHN guideline.","exampleBoolean":false,"groupingId":"eHNGuidelines"},{"extension":[{"url":"http://hl7.org/fhir/tools/StructureDefinition/resource-sort","valueInteger":999999999},{"url":"http://hl7.org/fhir/StructureDefinition/implementationguide-page","valueUri":"StructureDefinition-MedicinalProduct.html"}],"reference":{"reference":"StructureDefinition/MedicinalProduct"},"name":"A1.4 Identification of the prescribed product","description":"Identification of the prescribed product. Section A1.4 of the eHN guideline","exampleBoolean":false,"groupingId":"eHNGuidelines"},{"extension":[{"url":"http://hl7.org/fhir/tools/StructureDefinition/resource-sort","valueInteger":999999999},{"url":"http://hl7.org/fhir/StructureDefinition/implementationguide-page","valueUri":"StructureDefinition-Dispensation.html"}],"reference":{"reference":"StructureDefinition/Dispensation"},"name":"B.1 Dispensation information (provided by the dispensing pharmacy)","description":"Dispensation information (provided by the dispensing pharmacy). Section B1 of the guidelines","exampleBoolean":false,"groupingId":"eHNGuidelines"},{"extension":[{"url":"http://hl7.org/fhir/tools/StructureDefinition/resource-sort","valueInteger":999999999},{"url":"http://hl7.org/fhir/StructureDefinition/implementationguide-page","valueUri":"StructureDefinition-Medication-eu-mpd.html"}],"reference":{"reference":"StructureDefinition/Medication-eu-mpd"},"name":"Medication: MPD","description":"This profile defines how to represent MedicationRequest in HL7 FHIR for the purpose of this guide.","exampleBoolean":false,"groupingId":"FHIRProfiles"},{"extension":[{"url":"http://hl7.org/fhir/tools/StructureDefinition/resource-sort","valueInteger":999999999},{"url":"http://hl7.org/fhir/StructureDefinition/implementationguide-page","valueUri":"StructureDefinition-MedicationDispense-eu-mpd.html"}],"reference":{"reference":"StructureDefinition/MedicationDispense-eu-mpd"},"name":"MedicationDispense: MPD","description":"This profile defines how to represent the supply and the associated administration instructions in HL7 FHIR for the purpose of this guide.","exampleBoolean":false,"groupingId":"FHIRProfiles"},{"extension":[{"url":"http://hl7.org/fhir/tools/StructureDefinition/resource-sort","valueInteger":999999999},{"url":"http://hl7.org/fhir/StructureDefinition/implementationguide-page","valueUri":"StructureDefinition-MedicationRequest-eu-mpd.html"}],"reference":{"reference":"StructureDefinition/MedicationRequest-eu-mpd"},"name":"MedicationRequest: MPD","description":"This profile defines how to represent MedicationRequest in HL7 FHIR for the purpose of this guide.","exampleBoolean":false,"groupingId":"FHIRProfiles"},{"extension":[{"url":"http://hl7.org/fhir/tools/StructureDefinition/resource-sort","valueInteger":999999999},{"url":"http://hl7.org/fhir/StructureDefinition/implementationguide-page","valueUri":"ConceptMap-eD2FHIR-eu-mpd.html"}],"reference":{"reference":"ConceptMap/eD2FHIR-eu-mpd"},"name":"eHN eDispense to this guide Map","description":"eHN eDispensation Model to this guide Map","exampleBoolean":false,"groupingId":"ModelMaps"},{"extension":[{"url":"http://hl7.org/fhir/tools/StructureDefinition/resource-sort","valueInteger":999999999},{"url":"http://hl7.org/fhir/StructureDefinition/implementationguide-page","valueUri":"ConceptMap-eP2FHIR-eu-mpd.html"}],"reference":{"reference":"ConceptMap/eP2FHIR-eu-mpd"},"name":"eHN ePrescription to this guide Map","description":"eHN ePrescription Model to this guide Map","exampleBoolean":false,"groupingId":"ModelMaps"},{"extension":[{"url":"http://hl7.org/fhir/tools/StructureDefinition/resource-sort","valueInteger":999999999},{"url":"http://hl7.org/fhir/StructureDefinition/implementationguide-page","valueUri":"ConceptMap-medProd2FHIR-eu-mpd.html"}],"reference":{"reference":"ConceptMap/medProd2FHIR-eu-mpd"},"name":"eHN Medicinal Product to this guide Map","description":"eHN Medicinal Product Model to this guide Map","exampleBoolean":false,"groupingId":"ModelMaps"},{"extension":[{"url":"http://hl7.org/fhir/tools/StructureDefinition/resource-sort","valueInteger":999999999},{"url":"http://hl7.org/fhir/StructureDefinition/implementationguide-page","valueUri":"Medication-01A-Cefuroxime1500GenericExplicit.html"}],"reference":{"reference":"Medication/01A-Cefuroxime1500GenericExplicit"},"name":"01A-Cefuroxime1500GenericExplicit","description":"1A. Cefuroxime 1500mg (1.5g) powder for solution in a vial. Generic product, defined by attributes.","exampleCanonical":"http://hl7.eu/fhir/mpd/StructureDefinition/Medication-eu-mpd","groupingId":"-ex-example"},{"extension":[{"url":"http://hl7.org/fhir/tools/StructureDefinition/resource-sort","valueInteger":999999999},{"url":"http://hl7.org/fhir/StructureDefinition/implementationguide-page","valueUri":"Medication-01B-Cefuroxime1500GenericConcept.html"}],"reference":{"reference":"Medication/01B-Cefuroxime1500GenericConcept"},"name":"01B-Cefuroxime1500GenericConcept","description":"1B. Cefuroxime 1500mg (1.5g) powder for solution in a vial. Generic product, defined by a code system (receiving system is expected to have access to the code system for additional attributes or display names).","exampleCanonical":"http://hl7.eu/fhir/mpd/StructureDefinition/Medication-eu-mpd","groupingId":"-ex-example"},{"extension":[{"url":"http://hl7.org/fhir/tools/StructureDefinition/resource-sort","valueInteger":999999999},{"url":"http://hl7.org/fhir/StructureDefinition/implementationguide-page","valueUri":"Medication-01C-Cefuroxime1500Branded.html"}],"reference":{"reference":"Medication/01C-Cefuroxime1500Branded"},"name":"01C-Cefuroxime1500Branded","description":"1C. Cefuroxime 1500mg (1.5g) powder for solution in a vial (10 vials per package). Branded packaged product, defined by attributes.","exampleCanonical":"http://hl7.eu/fhir/mpd/StructureDefinition/Medication-eu-mpd","groupingId":"-ex-example"},{"extension":[{"url":"http://hl7.org/fhir/tools/StructureDefinition/resource-sort","valueInteger":999999999},{"url":"http://hl7.org/fhir/StructureDefinition/implementationguide-page","valueUri":"Medication-01D-Cefuroxime750Branded.html"}],"reference":{"reference":"Medication/01D-Cefuroxime750Branded"},"name":"01D-Cefuroxime750Branded","description":"1D. Cefuroxime 750mg powder for solution in a vial (5 vials per package). Branded packaged product, defined by attributes.","exampleCanonical":"http://hl7.eu/fhir/mpd/StructureDefinition/Medication-eu-mpd","groupingId":"-ex-example"},{"extension":[{"url":"http://hl7.org/fhir/tools/StructureDefinition/resource-sort","valueInteger":999999999},{"url":"http://hl7.org/fhir/StructureDefinition/implementationguide-page","valueUri":"Medication-02A-ClotrimazoleCanifugCremolum.html"}],"reference":{"reference":"Medication/02A-ClotrimazoleCanifugCremolum"},"name":"02A-ClotrimazoleCanifugCremolum","description":"2A. Clotrimazole cream 10mg/g and 6 pessaries 100g. Branded packaged product, consisting of different medication items. Defined by attributes.","exampleCanonical":"http://hl7.eu/fhir/mpd/StructureDefinition/Medication-eu-mpd","groupingId":"-ex-example"},{"extension":[{"url":"http://hl7.org/fhir/tools/StructureDefinition/resource-sort","valueInteger":999999999},{"url":"http://hl7.org/fhir/StructureDefinition/implementationguide-page","valueUri":"Medication-02A1-CanifugCremolumCreamItem.html"}],"reference":{"reference":"Medication/02A1-CanifugCremolumCreamItem"},"name":"02A1-CanifugCremolumCreamItem","description":"2A2. Clotrimazole cream (10mg/g, 1 tube of 20g) as part of Canifug Cremolum product (ISO IDMP manufactured item)","exampleCanonical":"http://hl7.eu/fhir/mpd/StructureDefinition/Medication-eu-mpd","groupingId":"-ex-example"},{"extension":[{"url":"http://hl7.org/fhir/tools/StructureDefinition/resource-sort","valueInteger":999999999},{"url":"http://hl7.org/fhir/StructureDefinition/implementationguide-page","valueUri":"Medication-02A2-CanifugCremolumPessaryItem.html"}],"reference":{"reference":"Medication/02A2-CanifugCremolumPessaryItem"},"name":"02A2-CanifugCremolumPessaryItem","description":"2A1. Clotrimazole pessary (6 pessaries of 100mg) as part of Canifug Cremolum product (ISO IDMP manufactured item)","exampleCanonical":"http://hl7.eu/fhir/mpd/StructureDefinition/Medication-eu-mpd","groupingId":"-ex-example"},{"extension":[{"url":"http://hl7.org/fhir/tools/StructureDefinition/resource-sort","valueInteger":999999999},{"url":"http://hl7.org/fhir/StructureDefinition/implementationguide-page","valueUri":"Medication-03B-VitaminBComplexBranded.html"}],"reference":{"reference":"Medication/03B-VitaminBComplexBranded"},"name":"03B-VitaminBComplexBranded","description":"3B. Milgamma N, B-vitamin complex. Branded packaged product, defined by attributes.","exampleCanonical":"http://hl7.eu/fhir/mpd/StructureDefinition/Medication-eu-mpd","groupingId":"-ex-example"},{"extension":[{"url":"http://hl7.org/fhir/tools/StructureDefinition/resource-sort","valueInteger":999999999},{"url":"http://hl7.org/fhir/StructureDefinition/implementationguide-page","valueUri":"Medication-04A-FirmagonBranded.html"}],"reference":{"reference":"Medication/04A-FirmagonBranded"},"name":"04A-FirmagonBranded","description":"4A. Firmagon. Branded packaged product, defined by attributes, includes administration devices.","exampleCanonical":"http://hl7.eu/fhir/mpd/StructureDefinition/Medication-eu-mpd","groupingId":"-ex-example"},{"extension":[{"url":"http://hl7.org/fhir/tools/StructureDefinition/resource-sort","valueInteger":999999999},{"url":"http://hl7.org/fhir/StructureDefinition/implementationguide-page","valueUri":"Medication-05A-Tilidin-Branded.html"}],"reference":{"reference":"Medication/05A-Tilidin-Branded"},"name":"05A-Tilidin-Branded","description":"5A. Tilidin (50mg), Naloxon (4mg) oral drops. Branded packaged product, defined by attributes. Unusual strength.","exampleCanonical":"http://hl7.eu/fhir/mpd/StructureDefinition/Medication-eu-mpd","groupingId":"-ex-example"},{"extension":[{"url":"http://hl7.org/fhir/tools/StructureDefinition/resource-sort","valueInteger":999999999},{"url":"http://hl7.org/fhir/StructureDefinition/implementationguide-page","valueUri":"MedicationDispense-10-dispense-1.html"}],"reference":{"reference":"MedicationDispense/10-dispense-1"},"name":"10-dispense-1","description":"Medication dispense fulfilling the first part of the order: 1 package containing 10 vials","exampleCanonical":"http://hl7.eu/fhir/mpd/StructureDefinition/MedicationDispense-eu-mpd","groupingId":"-ex-example"},{"extension":[{"url":"http://hl7.org/fhir/tools/StructureDefinition/resource-sort","valueInteger":999999999},{"url":"http://hl7.org/fhir/StructureDefinition/implementationguide-page","valueUri":"MedicationDispense-10-dispense-2.html"}],"reference":{"reference":"MedicationDispense/10-dispense-2"},"name":"10-dispense-2","description":"Medication dispense fulfilling the second part of the order: 3 packages containing 5 vials each","exampleCanonical":"http://hl7.eu/fhir/mpd/StructureDefinition/MedicationDispense-eu-mpd","groupingId":"-ex-example"},{"extension":[{"url":"http://hl7.org/fhir/tools/StructureDefinition/resource-sort","valueInteger":999999999},{"url":"http://hl7.org/fhir/StructureDefinition/implementationguide-page","valueUri":"MedicationRequest-10-prescription-cefuroxime-singleline.html"}],"reference":{"reference":"MedicationRequest/10-prescription-cefuroxime-singleline"},"name":"10-prescription-cefuroxime-singleline","description":"A prescription/request with one medication and changing dosaging. Uses 'actionable' tag. Cefuroxime sodium.","exampleCanonical":"http://hl7.eu/fhir/mpd/StructureDefinition/MedicationRequest-eu-mpd","groupingId":"-ex-example"},{"extension":[{"url":"http://hl7.org/fhir/tools/StructureDefinition/resource-sort","valueInteger":999999999},{"url":"http://hl7.org/fhir/StructureDefinition/implementationguide-page","valueUri":"Bundle-100A-multiitem-prescription-with-orchestration.html"}],"reference":{"reference":"Bundle/100A-multiitem-prescription-with-orchestration"},"name":"100A-multiitem-prescription-with-orchestration","description":"Multiitem prescription with RequestGroup (R5 RequestOrchestration). 42-day cycle treatment consisting of three medications that should start at the same time. Wrapped in a Bundle for better readability.","exampleBoolean":true,"groupingId":"-ex-example"},{"extension":[{"url":"http://hl7.org/fhir/tools/StructureDefinition/resource-sort","valueInteger":999999999},{"url":"http://hl7.org/fhir/StructureDefinition/implementationguide-page","valueUri":"RequestGroup-100B-RequestOrchestration.html"}],"reference":{"reference":"RequestGroup/100B-RequestOrchestration"},"name":"100B-RequestOrchestration","description":"A grouper for the lines of a multiitem prescription. It should not be considered the prescription object as such.","exampleBoolean":true,"groupingId":"-ex-example"},{"extension":[{"url":"http://hl7.org/fhir/tools/StructureDefinition/resource-sort","valueInteger":999999999},{"url":"http://hl7.org/fhir/StructureDefinition/implementationguide-page","valueUri":"MedicationRequest-100C-3-medication-prescription-request1.html"}],"reference":{"reference":"MedicationRequest/100C-3-medication-prescription-request1"},"name":"100C-3-medication-prescription-request1","description":"A prescription item (MedicationRequest) that is a part of a three-item-prescription (42-day treatment cycle). Generic. Thalidomide 50mgx4 once a day before bed for 42 days.","exampleCanonical":"http://hl7.eu/fhir/mpd/StructureDefinition/MedicationRequest-eu-mpd","groupingId":"-ex-example"},{"extension":[{"url":"http://hl7.org/fhir/tools/StructureDefinition/resource-sort","valueInteger":999999999},{"url":"http://hl7.org/fhir/StructureDefinition/implementationguide-page","valueUri":"MedicationRequest-100C-3-medication-prescription-request2.html"}],"reference":{"reference":"MedicationRequest/100C-3-medication-prescription-request2"},"name":"100C-3-medication-prescription-request2","description":"A prescription item (MedicationRequest) that is a part of a three-item-prescription (42-day treatment cycle). Generic. Melphalan 2mgx4 once a day for 4 days in the beginning of cycle.","exampleCanonical":"http://hl7.eu/fhir/mpd/StructureDefinition/MedicationRequest-eu-mpd","groupingId":"-ex-example"},{"extension":[{"url":"http://hl7.org/fhir/tools/StructureDefinition/resource-sort","valueInteger":999999999},{"url":"http://hl7.org/fhir/StructureDefinition/implementationguide-page","valueUri":"MedicationRequest-100C-3-medication-prescription-request3.html"}],"reference":{"reference":"MedicationRequest/100C-3-medication-prescription-request3"},"name":"100C-3-medication-prescription-request3","description":"A prescription item (MedicationRequest) that is a part of a three-item-prescription (42-day treatment cycle). Generic. Prednisone 50mgx3 once a day for 4 days in the beginning of cycle.","exampleCanonical":"http://hl7.eu/fhir/mpd/StructureDefinition/MedicationRequest-eu-mpd","groupingId":"-ex-example"},{"extension":[{"url":"http://hl7.org/fhir/tools/StructureDefinition/resource-sort","valueInteger":999999999},{"url":"http://hl7.org/fhir/StructureDefinition/implementationguide-page","valueUri":"Bundle-200A-multiitem-prescription-without-orchestration.html"}],"reference":{"reference":"Bundle/200A-multiitem-prescription-without-orchestration"},"name":"200A-multiitem-prescription-without-orchestration","description":"Multiitem prescription where items on the same prescription are not interdependent. Kept together by the same groupIdentifier.","exampleBoolean":true,"groupingId":"-ex-example"},{"extension":[{"url":"http://hl7.org/fhir/tools/StructureDefinition/resource-sort","valueInteger":999999999},{"url":"http://hl7.org/fhir/StructureDefinition/implementationguide-page","valueUri":"MedicationRequest-200C-2-medication-prescription-request1.html"}],"reference":{"reference":"MedicationRequest/200C-2-medication-prescription-request1"},"name":"200C-2-medication-prescription-request1","description":"A prescription item (MedicationRequest) that is a part of a two-item-prescription.","exampleCanonical":"http://hl7.eu/fhir/mpd/StructureDefinition/MedicationRequest-eu-mpd","groupingId":"-ex-example"},{"extension":[{"url":"http://hl7.org/fhir/tools/StructureDefinition/resource-sort","valueInteger":999999999},{"url":"http://hl7.org/fhir/StructureDefinition/implementationguide-page","valueUri":"MedicationRequest-200C-2-medication-prescription-request2.html"}],"reference":{"reference":"MedicationRequest/200C-2-medication-prescription-request2"},"name":"200C-2-medication-prescription-request2","description":"A prescription item (MedicationRequest) that is a part of a two-item-prescription.","exampleCanonical":"http://hl7.eu/fhir/mpd/StructureDefinition/MedicationRequest-eu-mpd","groupingId":"-ex-example"},{"extension":[{"url":"http://hl7.org/fhir/tools/StructureDefinition/resource-sort","valueInteger":999999999},{"url":"http://hl7.org/fhir/StructureDefinition/implementationguide-page","valueUri":"Bundle-300A-multiitem-prescription-with-orchestration.html"}],"reference":{"reference":"Bundle/300A-multiitem-prescription-with-orchestration"},"name":"300A-multiitem-prescription-with-orchestration","description":"Multiitem prescription with RequestOrchestration. 2 products dispensable as 1 multiitem product.","exampleBoolean":true,"groupingId":"-ex-example"},{"extension":[{"url":"http://hl7.org/fhir/tools/StructureDefinition/resource-sort","valueInteger":999999999},{"url":"http://hl7.org/fhir/StructureDefinition/implementationguide-page","valueUri":"RequestGroup-300B-RequestOrchestration.html"}],"reference":{"reference":"RequestGroup/300B-RequestOrchestration"},"name":"300B-RequestOrchestration","description":"A grouper for the lines of a multiitem prescription.","exampleBoolean":true,"groupingId":"-ex-example"},{"extension":[{"url":"http://hl7.org/fhir/tools/StructureDefinition/resource-sort","valueInteger":999999999},{"url":"http://hl7.org/fhir/StructureDefinition/implementationguide-page","valueUri":"MedicationRequest-300C-2-medication-prescription-request1.html"}],"reference":{"reference":"MedicationRequest/300C-2-medication-prescription-request1"},"name":"300C-2-medication-prescription-request1","description":"A prescription item (MedicationRequest) that is a part of a two-item-prescription. Clotrimazole pessaries.","exampleCanonical":"http://hl7.eu/fhir/mpd/StructureDefinition/MedicationRequest-eu-mpd","groupingId":"-ex-example"},{"extension":[{"url":"http://hl7.org/fhir/tools/StructureDefinition/resource-sort","valueInteger":999999999},{"url":"http://hl7.org/fhir/StructureDefinition/implementationguide-page","valueUri":"MedicationRequest-300C-2-medication-prescription-request2.html"}],"reference":{"reference":"MedicationRequest/300C-2-medication-prescription-request2"},"name":"300C-2-medication-prescription-request2","description":"A prescription item (MedicationRequest) that is a part of a two-item-prescription. Clotrimazole cream.","exampleCanonical":"http://hl7.eu/fhir/mpd/StructureDefinition/MedicationRequest-eu-mpd","groupingId":"-ex-example"},{"extension":[{"url":"http://hl7.org/fhir/tools/StructureDefinition/resource-sort","valueInteger":999999999},{"url":"http://hl7.org/fhir/StructureDefinition/implementationguide-page","valueUri":"MedicationDispense-300D-dispense-for-2-requests.html"}],"reference":{"reference":"MedicationDispense/300D-dispense-for-2-requests"},"name":"300D-dispense-for-2-requests","description":"Medication dispense dispensing one combination product for two prescribed products (multiitem prescription)","exampleCanonical":"http://hl7.eu/fhir/mpd/StructureDefinition/MedicationDispense-eu-mpd","groupingId":"-ex-example"},{"extension":[{"url":"http://hl7.org/fhir/tools/StructureDefinition/resource-sort","valueInteger":999999999},{"url":"http://hl7.org/fhir/StructureDefinition/implementationguide-page","valueUri":"PractitionerRole-doctor1.html"}],"reference":{"reference":"PractitionerRole/doctor1"},"name":"doctor1","description":"Dr Meryl Ärztin - clinical oncologist","exampleBoolean":true,"groupingId":"-ex-example"},{"extension":[{"url":"http://hl7.org/fhir/tools/StructureDefinition/resource-sort","valueInteger":999999999},{"url":"http://hl7.org/fhir/StructureDefinition/implementationguide-page","valueUri":"Organization-organization1.html"}],"reference":{"reference":"Organization/organization1"},"name":"organization1","description":"An organization: clinic","exampleBoolean":true,"groupingId":"-ex-example"},{"extension":[{"url":"http://hl7.org/fhir/tools/StructureDefinition/resource-sort","valueInteger":999999999},{"url":"http://hl7.org/fhir/StructureDefinition/implementationguide-page","valueUri":"Organization-organization2.html"}],"reference":{"reference":"Organization/organization2"},"name":"organization2","description":"An organization: pharmacy","exampleBoolean":true,"groupingId":"-ex-example"},{"extension":[{"url":"http://hl7.org/fhir/tools/StructureDefinition/resource-sort","valueInteger":999999999},{"url":"http://hl7.org/fhir/StructureDefinition/implementationguide-page","valueUri":"Patient-patient1.html"}],"reference":{"reference":"Patient/patient1"},"name":"patient1","description":"A patient: Thomas, born 1950","exampleBoolean":true,"groupingId":"-ex-example"},{"extension":[{"url":"http://hl7.org/fhir/tools/StructureDefinition/resource-sort","valueInteger":999999999},{"url":"http://hl7.org/fhir/StructureDefinition/implementationguide-page","valueUri":"Patient-patient2.html"}],"reference":{"reference":"Patient/patient2"},"name":"patient2","description":"A patient: Emily, born 1990","exampleBoolean":true,"groupingId":"-ex-example"},{"extension":[{"url":"http://hl7.org/fhir/tools/StructureDefinition/resource-sort","valueInteger":999999999},{"url":"http://hl7.org/fhir/StructureDefinition/implementationguide-page","valueUri":"PractitionerRole-pharmacist1.html"}],"reference":{"reference":"PractitionerRole/pharmacist1"},"name":"pharmacist1","description":"Mr Moon Farmatseut - pharmacist","exampleBoolean":true,"groupingId":"-ex-example"},{"extension":[{"url":"http://hl7.org/fhir/tools/StructureDefinition/resource-sort","valueInteger":999999999},{"url":"http://hl7.org/fhir/StructureDefinition/implementationguide-page","valueUri":"Practitioner-practitioner1.html"}],"reference":{"reference":"Practitioner/practitioner1"},"name":"practitioner1","description":"Dr Meryl Ärztin","exampleBoolean":true,"groupingId":"-ex-example"},{"extension":[{"url":"http://hl7.org/fhir/tools/StructureDefinition/resource-sort","valueInteger":999999999},{"url":"http://hl7.org/fhir/StructureDefinition/implementationguide-page","valueUri":"Practitioner-practitioner2.html"}],"reference":{"reference":"Practitioner/practitioner2"},"name":"practitioner2","description":"Mr Moon Farmatseut","exampleBoolean":true,"groupingId":"-ex-example"}],"page":{"extension":[{"url":"http://hl7.org/fhir/tools/StructureDefinition/ig-page-name","valueUrl":"toc.html"}],"nameUrl":"toc.html","title":"Table of Contents","generation":"html","page":[{"extension":[{"url":"http://hl7.org/fhir/tools/StructureDefinition/ig-page-name","valueUrl":"index.html"}],"nameUrl":"index.html","title":"Home","generation":"markdown"},{"extension":[{"url":"http://hl7.org/fhir/tools/StructureDefinition/ig-page-name","valueUrl":"background.html"}],"nameUrl":"background.html","title":"Background","generation":"markdown"},{"extension":[{"url":"http://hl7.org/fhir/tools/StructureDefinition/ig-page-name","valueUrl":"downloads.html"}],"nameUrl":"downloads.html","title":"Downloads","generation":"markdown"},{"extension":[{"url":"http://hl7.org/fhir/tools/StructureDefinition/ig-page-name","valueUrl":"implementationnotes.html"}],"nameUrl":"implementationnotes.html","title":"Implementation Considerations","generation":"markdown"},{"extension":[{"url":"http://hl7.org/fhir/tools/StructureDefinition/ig-page-name","valueUrl":"challenges.html"}],"nameUrl":"challenges.html","title":"Challenges","generation":"markdown"},{"extension":[{"url":"http://hl7.org/fhir/tools/StructureDefinition/ig-page-name","valueUrl":"authors.html"}],"nameUrl":"authors.html","title":"Authors and Contributors","generation":"markdown"},{"extension":[{"url":"http://hl7.org/fhir/tools/StructureDefinition/ig-page-name","valueUrl":"knownissues.html"}],"nameUrl":"knownissues.html","title":"Known Issues","generation":"markdown"},{"extension":[{"url":"http://hl7.org/fhir/tools/StructureDefinition/ig-page-name","valueUrl":"logicalmodels.html"}],"nameUrl":"logicalmodels.html","title":"Logical Models","generation":"markdown"},{"extension":[{"url":"http://hl7.org/fhir/tools/StructureDefinition/ig-page-name","valueUrl":"medicationconcepts.html"}],"nameUrl":"medicationconcepts.html","title":"Medication Concepts","generation":"markdown"},{"extension":[{"url":"http://hl7.org/fhir/tools/StructureDefinition/ig-page-name","valueUrl":"references.html"}],"nameUrl":"references.html","title":"Source and Additional Information","generation":"markdown"},{"extension":[{"url":"http://hl7.org/fhir/tools/StructureDefinition/ig-page-name","valueUrl":"terminology.html"}],"nameUrl":"terminology.html","title":"Terminology Considerations","generation":"markdown"},{"extension":[{"url":"http://hl7.org/fhir/tools/StructureDefinition/ig-page-name","valueUrl":"artifacts.html"}],"nameUrl":"artifacts.html","title":"Artifacts Summary","generation":"html","page":[{"extension":[{"url":"http://hl7.org/fhir/tools/StructureDefinition/ig-page-name","valueUrl":"StructureDefinition-Prescription.html"}],"nameUrl":"StructureDefinition-Prescription.html","title":"A - Prescription","generation":"generated"},{"extension":[{"url":"http://hl7.org/fhir/tools/StructureDefinition/ig-page-name","valueUrl":"StructureDefinition-Subject.html"}],"nameUrl":"StructureDefinition-Subject.html","title":"A.1.1 Patient administrative data","generation":"generated"},{"extension":[{"url":"http://hl7.org/fhir/tools/StructureDefinition/ig-page-name","valueUrl":"StructureDefinition-MedicinalProduct.html"}],"nameUrl":"StructureDefinition-MedicinalProduct.html","title":"A1.4 Identification of the prescribed product","generation":"generated"},{"extension":[{"url":"http://hl7.org/fhir/tools/StructureDefinition/ig-page-name","valueUrl":"StructureDefinition-Dispensation.html"}],"nameUrl":"StructureDefinition-Dispensation.html","title":"B.1 Dispensation information (provided by the dispensing pharmacy)","generation":"generated"},{"extension":[{"url":"http://hl7.org/fhir/tools/StructureDefinition/ig-page-name","valueUrl":"StructureDefinition-Medication-eu-mpd.html"}],"nameUrl":"StructureDefinition-Medication-eu-mpd.html","title":"Medication: MPD","generation":"generated"},{"extension":[{"url":"http://hl7.org/fhir/tools/StructureDefinition/ig-page-name","valueUrl":"StructureDefinition-MedicationDispense-eu-mpd.html"}],"nameUrl":"StructureDefinition-MedicationDispense-eu-mpd.html","title":"MedicationDispense: MPD","generation":"generated"},{"extension":[{"url":"http://hl7.org/fhir/tools/StructureDefinition/ig-page-name","valueUrl":"StructureDefinition-MedicationRequest-eu-mpd.html"}],"nameUrl":"StructureDefinition-MedicationRequest-eu-mpd.html","title":"MedicationRequest: MPD","generation":"generated"},{"extension":[{"url":"http://hl7.org/fhir/tools/StructureDefinition/ig-page-name","valueUrl":"ConceptMap-eD2FHIR-eu-mpd.html"}],"nameUrl":"ConceptMap-eD2FHIR-eu-mpd.html","title":"eHN eDispense to this guide Map","generation":"generated"},{"extension":[{"url":"http://hl7.org/fhir/tools/StructureDefinition/ig-page-name","valueUrl":"ConceptMap-eP2FHIR-eu-mpd.html"}],"nameUrl":"ConceptMap-eP2FHIR-eu-mpd.html","title":"eHN ePrescription to this guide Map","generation":"generated"},{"extension":[{"url":"http://hl7.org/fhir/tools/StructureDefinition/ig-page-name","valueUrl":"ConceptMap-medProd2FHIR-eu-mpd.html"}],"nameUrl":"ConceptMap-medProd2FHIR-eu-mpd.html","title":"eHN Medicinal Product to this guide Map","generation":"generated"},{"extension":[{"url":"http://hl7.org/fhir/tools/StructureDefinition/ig-page-name","valueUrl":"Medication-01A-Cefuroxime1500GenericExplicit.html"}],"nameUrl":"Medication-01A-Cefuroxime1500GenericExplicit.html","title":"01A-Cefuroxime1500GenericExplicit","generation":"generated"},{"extension":[{"url":"http://hl7.org/fhir/tools/StructureDefinition/ig-page-name","valueUrl":"Medication-01B-Cefuroxime1500GenericConcept.html"}],"nameUrl":"Medication-01B-Cefuroxime1500GenericConcept.html","title":"01B-Cefuroxime1500GenericConcept","generation":"generated"},{"extension":[{"url":"http://hl7.org/fhir/tools/StructureDefinition/ig-page-name","valueUrl":"Medication-01C-Cefuroxime1500Branded.html"}],"nameUrl":"Medication-01C-Cefuroxime1500Branded.html","title":"01C-Cefuroxime1500Branded","generation":"generated"},{"extension":[{"url":"http://hl7.org/fhir/tools/StructureDefinition/ig-page-name","valueUrl":"Medication-01D-Cefuroxime750Branded.html"}],"nameUrl":"Medication-01D-Cefuroxime750Branded.html","title":"01D-Cefuroxime750Branded","generation":"generated"},{"extension":[{"url":"http://hl7.org/fhir/tools/StructureDefinition/ig-page-name","valueUrl":"Medication-02A-ClotrimazoleCanifugCremolum.html"}],"nameUrl":"Medication-02A-ClotrimazoleCanifugCremolum.html","title":"02A-ClotrimazoleCanifugCremolum","generation":"generated"},{"extension":[{"url":"http://hl7.org/fhir/tools/StructureDefinition/ig-page-name","valueUrl":"Medication-02A1-CanifugCremolumCreamItem.html"}],"nameUrl":"Medication-02A1-CanifugCremolumCreamItem.html","title":"02A1-CanifugCremolumCreamItem","generation":"generated"},{"extension":[{"url":"http://hl7.org/fhir/tools/StructureDefinition/ig-page-name","valueUrl":"Medication-02A2-CanifugCremolumPessaryItem.html"}],"nameUrl":"Medication-02A2-CanifugCremolumPessaryItem.html","title":"02A2-CanifugCremolumPessaryItem","generation":"generated"},{"extension":[{"url":"http://hl7.org/fhir/tools/StructureDefinition/ig-page-name","valueUrl":"Medication-03B-VitaminBComplexBranded.html"}],"nameUrl":"Medication-03B-VitaminBComplexBranded.html","title":"03B-VitaminBComplexBranded","generation":"generated"},{"extension":[{"url":"http://hl7.org/fhir/tools/StructureDefinition/ig-page-name","valueUrl":"Medication-04A-FirmagonBranded.html"}],"nameUrl":"Medication-04A-FirmagonBranded.html","title":"04A-FirmagonBranded","generation":"generated"},{"extension":[{"url":"http://hl7.org/fhir/tools/StructureDefinition/ig-page-name","valueUrl":"Medication-05A-Tilidin-Branded.html"}],"nameUrl":"Medication-05A-Tilidin-Branded.html","title":"05A-Tilidin-Branded","generation":"generated"},{"extension":[{"url":"http://hl7.org/fhir/tools/StructureDefinition/ig-page-name","valueUrl":"MedicationDispense-10-dispense-1.html"}],"nameUrl":"MedicationDispense-10-dispense-1.html","title":"10-dispense-1","generation":"generated"},{"extension":[{"url":"http://hl7.org/fhir/tools/StructureDefinition/ig-page-name","valueUrl":"MedicationDispense-10-dispense-2.html"}],"nameUrl":"MedicationDispense-10-dispense-2.html","title":"10-dispense-2","generation":"generated"},{"extension":[{"url":"http://hl7.org/fhir/tools/StructureDefinition/ig-page-name","valueUrl":"MedicationRequest-10-prescription-cefuroxime-singleline.html"}],"nameUrl":"MedicationRequest-10-prescription-cefuroxime-singleline.html","title":"10-prescription-cefuroxime-singleline","generation":"generated"},{"extension":[{"url":"http://hl7.org/fhir/tools/StructureDefinition/ig-page-name","valueUrl":"Bundle-100A-multiitem-prescription-with-orchestration.html"}],"nameUrl":"Bundle-100A-multiitem-prescription-with-orchestration.html","title":"100A-multiitem-prescription-with-orchestration","generation":"generated"},{"extension":[{"url":"http://hl7.org/fhir/tools/StructureDefinition/ig-page-name","valueUrl":"RequestGroup-100B-RequestOrchestration.html"}],"nameUrl":"RequestGroup-100B-RequestOrchestration.html","title":"100B-RequestOrchestration","generation":"generated"},{"extension":[{"url":"http://hl7.org/fhir/tools/StructureDefinition/ig-page-name","valueUrl":"MedicationRequest-100C-3-medication-prescription-request1.html"}],"nameUrl":"MedicationRequest-100C-3-medication-prescription-request1.html","title":"100C-3-medication-prescription-request1","generation":"generated"},{"extension":[{"url":"http://hl7.org/fhir/tools/StructureDefinition/ig-page-name","valueUrl":"MedicationRequest-100C-3-medication-prescription-request2.html"}],"nameUrl":"MedicationRequest-100C-3-medication-prescription-request2.html","title":"100C-3-medication-prescription-request2","generation":"generated"},{"extension":[{"url":"http://hl7.org/fhir/tools/StructureDefinition/ig-page-name","valueUrl":"MedicationRequest-100C-3-medication-prescription-request3.html"}],"nameUrl":"MedicationRequest-100C-3-medication-prescription-request3.html","title":"100C-3-medication-prescription-request3","generation":"generated"},{"extension":[{"url":"http://hl7.org/fhir/tools/StructureDefinition/ig-page-name","valueUrl":"Bundle-200A-multiitem-prescription-without-orchestration.html"}],"nameUrl":"Bundle-200A-multiitem-prescription-without-orchestration.html","title":"200A-multiitem-prescription-without-orchestration","generation":"generated"},{"extension":[{"url":"http://hl7.org/fhir/tools/StructureDefinition/ig-page-name","valueUrl":"MedicationRequest-200C-2-medication-prescription-request1.html"}],"nameUrl":"MedicationRequest-200C-2-medication-prescription-request1.html","title":"200C-2-medication-prescription-request1","generation":"generated"},{"extension":[{"url":"http://hl7.org/fhir/tools/StructureDefinition/ig-page-name","valueUrl":"MedicationRequest-200C-2-medication-prescription-request2.html"}],"nameUrl":"MedicationRequest-200C-2-medication-prescription-request2.html","title":"200C-2-medication-prescription-request2","generation":"generated"},{"extension":[{"url":"http://hl7.org/fhir/tools/StructureDefinition/ig-page-name","valueUrl":"Bundle-300A-multiitem-prescription-with-orchestration.html"}],"nameUrl":"Bundle-300A-multiitem-prescription-with-orchestration.html","title":"300A-multiitem-prescription-with-orchestration","generation":"generated"},{"extension":[{"url":"http://hl7.org/fhir/tools/StructureDefinition/ig-page-name","valueUrl":"RequestGroup-300B-RequestOrchestration.html"}],"nameUrl":"RequestGroup-300B-RequestOrchestration.html","title":"300B-RequestOrchestration","generation":"generated"},{"extension":[{"url":"http://hl7.org/fhir/tools/StructureDefinition/ig-page-name","valueUrl":"MedicationRequest-300C-2-medication-prescription-request1.html"}],"nameUrl":"MedicationRequest-300C-2-medication-prescription-request1.html","title":"300C-2-medication-prescription-request1","generation":"generated"},{"extension":[{"url":"http://hl7.org/fhir/tools/StructureDefinition/ig-page-name","valueUrl":"MedicationRequest-300C-2-medication-prescription-request2.html"}],"nameUrl":"MedicationRequest-300C-2-medication-prescription-request2.html","title":"300C-2-medication-prescription-request2","generation":"generated"},{"extension":[{"url":"http://hl7.org/fhir/tools/StructureDefinition/ig-page-name","valueUrl":"MedicationDispense-300D-dispense-for-2-requests.html"}],"nameUrl":"MedicationDispense-300D-dispense-for-2-requests.html","title":"300D-dispense-for-2-requests","generation":"generated"},{"extension":[{"url":"http://hl7.org/fhir/tools/StructureDefinition/ig-page-name","valueUrl":"PractitionerRole-doctor1.html"}],"nameUrl":"PractitionerRole-doctor1.html","title":"doctor1","generation":"generated"},{"extension":[{"url":"http://hl7.org/fhir/tools/StructureDefinition/ig-page-name","valueUrl":"Organization-organization1.html"}],"nameUrl":"Organization-organization1.html","title":"organization1","generation":"generated"},{"extension":[{"url":"http://hl7.org/fhir/tools/StructureDefinition/ig-page-name","valueUrl":"Organization-organization2.html"}],"nameUrl":"Organization-organization2.html","title":"organization2","generation":"generated"},{"extension":[{"url":"http://hl7.org/fhir/tools/StructureDefinition/ig-page-name","valueUrl":"Patient-patient1.html"}],"nameUrl":"Patient-patient1.html","title":"patient1","generation":"generated"},{"extension":[{"url":"http://hl7.org/fhir/tools/StructureDefinition/ig-page-name","valueUrl":"Patient-patient2.html"}],"nameUrl":"Patient-patient2.html","title":"patient2","generation":"generated"},{"extension":[{"url":"http://hl7.org/fhir/tools/StructureDefinition/ig-page-name","valueUrl":"PractitionerRole-pharmacist1.html"}],"nameUrl":"PractitionerRole-pharmacist1.html","title":"pharmacist1","generation":"generated"},{"extension":[{"url":"http://hl7.org/fhir/tools/StructureDefinition/ig-page-name","valueUrl":"Practitioner-practitioner1.html"}],"nameUrl":"Practitioner-practitioner1.html","title":"practitioner1","generation":"generated"},{"extension":[{"url":"http://hl7.org/fhir/tools/StructureDefinition/ig-page-name","valueUrl":"Practitioner-practitioner2.html"}],"nameUrl":"Practitioner-practitioner2.html","title":"practitioner2","generation":"generated"}]}]},"parameter":[{"code":"path-resource","value":"input/capabilities"},{"code":"path-resource","value":"input/examples"},{"code":"path-resource","value":"input/extensions"},{"code":"path-resource","value":"input/models"},{"code":"path-resource","value":"input/operations"},{"code":"path-resource","value":"input/profiles"},{"code":"path-resource","value":"input/resources"},{"code":"path-resource","value":"input/vocabulary"},{"code":"path-resource","value":"input/maps"},{"code":"path-resource","value":"input/testing"},{"code":"path-resource","value":"input/history"},{"code":"path-resource","value":"fsh-generated/resources"},{"code":"path-pages","value":"template/config"},{"code":"path-pages","value":"input/images"},{"code":"path-tx-cache","value":"input-cache/txcache"}]}}