<?xml version="1.0" encoding="UTF-8"?>

<MedicationRequest xmlns="http://hl7.org/fhir">
  <id value="300C-2-medication-prescription-request2"/>
  <meta>
    <profile value="http://hl7.eu/fhir/mpd/StructureDefinition/MedicationRequest-eu-mpd"/>
  </meta>
  <text>
    <status value="generated"/><div xmlns="http://www.w3.org/1999/xhtml"><p class="res-header-id"><b>Generated Narrative: MedicationRequest 300C-2-medication-prescription-request2</b></p><a name="300C-2-medication-prescription-request2"> </a><a name="hc300C-2-medication-prescription-request2"> </a><a name="300C-2-medication-prescription-request2-en-US"> </a><div style="display: inline-block; background-color: #d9e0e7; padding: 6px; margin: 4px; border: 1px solid #8da1b4; border-radius: 5px; line-height: 60%"><p style="margin-bottom: 0px"/><p style="margin-bottom: 0px">Profile: <a href="StructureDefinition-MedicationRequest-eu-mpd.html">MedicationRequest: MPD</a></p></div><p><b>identifier</b>: 300-2/2</p><p><b>status</b>: Active</p><p><b>intent</b>: Option</p><p><b>medication</b>: <a href="Medication-02A1-CanifugCremolumCreamItem.html">Medication: extension = Tube,20 gram; form = Vaginal cream; amount = 1 Tube / 1</a></p><p><b>subject</b>: <a href="Patient-patient1.html">Thomas Engine  Male, DoB: 1950-09-15 ( 12345)</a></p><p><b>authoredOn</b>: 2024-10-06</p><p><b>requester</b>: <a href="PractitionerRole-doctor1.html">PractitionerRole Clinical oncologist</a></p><p><b>reasonCode</b>: <span title="Codes:{http://snomed.info/sct 72934000}">Candidiasis of vagina</span></p><p><b>groupIdentifier</b>: 300</p><blockquote><p><b>dosageInstruction</b></p><p><b>timing</b>: 2 per 1 day</p><h3>DoseAndRates</h3><table class="grid"><tr><td style="display: none">-</td><td><b>Dose[x]</b></td></tr><tr><td style="display: none">*</td><td>1 Application - unit of product usage<span style="background: LightGoldenRodYellow"> (Details: SNOMED CT  code413568008 = '413568008')</span></td></tr></table></blockquote><h3>DispenseRequests</h3><table class="grid"><tr><td style="display: none">-</td><td><b>ValidityPeriod</b></td><td><b>NumberOfRepeatsAllowed</b></td><td><b>Quantity</b></td></tr><tr><td style="display: none">*</td><td>2024-10-06 --&gt; 2024-12-06</td><td>1</td><td>20 gram(s)<span style="background: LightGoldenRodYellow"> (Details: UCUM  codeg = 'g')</span></td></tr></table></div>
  </text>
  <identifier>
    <value value="300-2/2"/>
  </identifier>
  <status value="active"/>
  <intent value="option"/>
  <medicationReference>
    <reference value="Medication/02A1-CanifugCremolumCreamItem"/>
  </medicationReference>
  <subject>
    <reference value="Patient/patient1"/>
  </subject>
  <authoredOn value="2024-10-06"/>
  <requester>
    <reference value="PractitionerRole/doctor1"/>
  </requester>
  <reasonCode>
    <coding>
      <system value="http://snomed.info/sct"/>
      <code value="72934000"/>
      <display value="Candidiasis of vagina"/>
    </coding>
  </reasonCode>
  <groupIdentifier>
    <value value="300"/>
  </groupIdentifier>
  <dosageInstruction>
    <timing>
      <repeat>
        <boundsDuration>
          <value value="6"/>
          <unit value="day"/>
          <system value="http://unitsofmeasure.org"/>
          <code value="d"/>
        </boundsDuration>
        <frequency value="2"/>
        <period value="1"/>
        <periodUnit value="d"/>
      </repeat>
    </timing>
    <doseAndRate>
      <doseQuantity>
        <value value="1"/>
        <unit value="Application - unit of product usage"/>
        <system value="http://snomed.info/sct"/>
        <code value="413568008"/>
      </doseQuantity>
    </doseAndRate>
  </dosageInstruction>
  <dispenseRequest>
    <validityPeriod>
      <start value="2024-10-06"/>
      <end value="2024-12-06"/>
    </validityPeriod>
    <numberOfRepeatsAllowed value="1"/>
    <quantity>
      <value value="20"/>
      <unit value="gram(s)"/>
      <system value="http://unitsofmeasure.org"/>
      <code value="g"/>
    </quantity>
  </dispenseRequest>
</MedicationRequest>