{
  "resourceType" : "ConceptMap",
  "id" : "eD2FHIR-eu-mpd",
  "text" : {
    "status" : "generated",
    "div" : "<div xmlns=\"http://www.w3.org/1999/xhtml\"><p class=\"res-header-id\"><b>Generated Narrative: ConceptMap eD2FHIR-eu-mpd</b></p><a name=\"eD2FHIR-eu-mpd\"> </a><a name=\"hceD2FHIR-eu-mpd\"> </a><a name=\"eD2FHIR-eu-mpd-en-US\"> </a><p>Mapping from <a href=\"StructureDefinition-Dispensation.html\">B.1 Dispensation information (provided by the dispensing pharmacy)</a> to <a href=\"StructureDefinition-MedicationDispense-eu-mpd.html\">MedicationDispense: MPD</a></p><br/><p><b>Group 1 </b>Mapping from <code>unspecified code system</code> to <code>unspecified code system</code></p><table class=\"grid\"><tr><td><b>Source Code</b></td><td><b>Relationship</b></td><td><b>Target Code</b></td><td><b>Comment</b></td></tr><tr><td>Dispensation.dispenserIdentifier (B.1.1 Identifier of the dispenser)</td><td><a href=\"http://hl7.org/fhir/R5/codesystem-concept-map-relationship.html#equivalent\" title=\"equivalent\">is equivalent to</a></td><td>MedicationDispense.performer.actor</td><td>Details in the referred Practitioner or PractitionerRole resource</td></tr><tr><td>Dispensation.dispenserFamilyName (B.1.2 Family name of the dispenser)</td><td><a href=\"http://hl7.org/fhir/R5/codesystem-concept-map-relationship.html#related-to\" title=\"related-to\">is related to</a></td><td>MedicationDispense.performer.actor</td><td>Details in the referred Practitioner or PractitionerRole resource</td></tr><tr><td>Dispensation.dispenserGivenName (B.1.3 Given name of the dispenser)</td><td><a href=\"http://hl7.org/fhir/R5/codesystem-concept-map-relationship.html#equivalent\" title=\"equivalent\">is equivalent to</a></td><td>MedicationDispense.performer.actor.practitioner.name.given</td><td>Details in the referred Practitioner or PractitionerRole resource</td></tr><tr><td>Dispensation.pharmacyIdentifier (B.1.4 Identifier of the pharmacy)</td><td><a href=\"http://hl7.org/fhir/R5/codesystem-concept-map-relationship.html#related-to\" title=\"related-to\">is related to</a></td><td>MedicationDispense.performer.actor</td><td>When actor is of type PractitionerRole.</td></tr><tr><td>Dispensation.pharmacyIdentifier (B.1.4 Identifier of the pharmacy)</td><td><a href=\"http://hl7.org/fhir/R5/codesystem-concept-map-relationship.html#related-to\" title=\"related-to\">is related to</a></td><td>MedicationDispense.performer.actor</td><td>When actor is of type Organization.</td></tr><tr><td>Dispensation.pharmacyIdentifier (B.1.4 Identifier of the pharmacy)</td><td><a href=\"http://hl7.org/fhir/R5/codesystem-concept-map-relationship.html#related-to\" title=\"related-to\">is related to</a></td><td>MedicationDispense.location.identifier</td><td>When Location is used to identify the pharmacy.</td></tr><tr><td>Dispensation.pharmacyAddress (B.1.5 Address of the pharmacy)</td><td><a href=\"http://hl7.org/fhir/R5/codesystem-concept-map-relationship.html#related-to\" title=\"related-to\">is related to</a></td><td>MedicationDispense.performer.actor.address</td><td>When actor is of type Organization.</td></tr><tr><td>Dispensation.pharmacyAddress (B.1.5 Address of the pharmacy)</td><td><a href=\"http://hl7.org/fhir/R5/codesystem-concept-map-relationship.html#related-to\" title=\"related-to\">is related to</a></td><td>MedicationDispense.location.address</td><td>When Location is used to identify the pharmacy.</td></tr><tr><td>Dispensation.contactDetails (B.1.6 Details of direct contact)</td><td><a href=\"http://hl7.org/fhir/R5/codesystem-concept-map-relationship.html#related-to\" title=\"related-to\">is related to</a></td><td>MedicationDispense.performer.actor.contact</td><td>When actor is of type Organization.</td></tr><tr><td>Dispensation.contactDetails (B.1.6 Details of direct contact)</td><td><a href=\"http://hl7.org/fhir/R5/codesystem-concept-map-relationship.html#related-to\" title=\"related-to\">is related to</a></td><td>MedicationDispense.location.telecom</td><td>When Location is used to identify the pharmacy.</td></tr><tr><td>Dispensation.prescriptionIdentifier (B.1.7 Identifier of the prescription)</td><td><a href=\"http://hl7.org/fhir/R5/codesystem-concept-map-relationship.html#equivalent\" title=\"equivalent\">is equivalent to</a></td><td>MedicationDispense.authorizingPrescription.identifier</td><td/></tr><tr><td>Dispensation.medicinalProduct (B.1.8 Medicinal product)</td><td><a href=\"http://hl7.org/fhir/R5/codesystem-concept-map-relationship.html#related-to\" title=\"related-to\">is related to</a></td><td>MedicationDispense.medication</td><td/></tr><tr><td>Dispensation.dispensedQuantity (B.1.9 Dispensed quantity)</td><td><a href=\"http://hl7.org/fhir/R5/codesystem-concept-map-relationship.html#equivalent\" title=\"equivalent\">is equivalent to</a></td><td>MedicationDispense.quantity</td><td/></tr><tr><td>Dispensation.dispensationDate (B.1.10 Dispensation date)</td><td><a href=\"http://hl7.org/fhir/R5/codesystem-concept-map-relationship.html#equivalent\" title=\"equivalent\">is equivalent to</a></td><td>MedicationDispense.whenHandedOver</td><td/></tr><tr><td>Dispensation.substitution (B.1.11 Substitution)</td><td><a href=\"http://hl7.org/fhir/R5/codesystem-concept-map-relationship.html#related-to\" title=\"related-to\">is related to</a></td><td>MedicationDispense.substitution</td><td/></tr></table></div>"
  },
  "url" : "http://hl7.eu/fhir/r5/mpd/ConceptMap/eD2FHIR-eu-mpd",
  "version" : "0.1.0",
  "name" : "eD2Fhir",
  "title" : "eHN eDispense to this guide Map",
  "status" : "draft",
  "experimental" : true,
  "date" : "2025-04-06T09:27:57+00:00",
  "publisher" : "HL7 Europe",
  "contact" : [{
    "name" : "HL7 Europe",
    "telecom" : [{
      "system" : "url",
      "value" : "http://hl7.eu"
    }]
  }],
  "description" : "eHN eDispensation Model to this guide Map",
  "jurisdiction" : [{
    "coding" : [{
      "system" : "http://unstats.un.org/unsd/methods/m49/m49.htm",
      "code" : "150",
      "display" : "Europe"
    }]
  }],
  "purpose" : "It shows how the eDispensation data set defined by the EU eHN guidelines is mapped into this guide",
  "copyright" : "Used by permission of HL7 Europe, all rights reserved Creative Commons License",
  "sourceScopeUri" : "http://hl7.eu/fhir/r5/mpd/StructureDefinition/Dispensation",
  "targetScopeUri" : "http://hl7.eu/fhir/r5/mpd/StructureDefinition/MedicationDispense-eu-mpd",
  "group" : [{
    "element" : [{
      "code" : "Dispensation.dispenserIdentifier",
      "display" : "B.1.1 Identifier of the dispenser",
      "target" : [{
        "code" : "MedicationDispense.performer.actor",
        "relationship" : "equivalent",
        "comment" : "Details in the referred Practitioner or PractitionerRole resource"
      }]
    },
    {
      "code" : "Dispensation.dispenserFamilyName",
      "display" : "B.1.2 Family name of the dispenser",
      "target" : [{
        "code" : "MedicationDispense.performer.actor",
        "relationship" : "related-to",
        "comment" : "Details in the referred Practitioner or PractitionerRole resource"
      }]
    },
    {
      "code" : "Dispensation.dispenserGivenName",
      "display" : "B.1.3 Given name of the dispenser",
      "target" : [{
        "code" : "MedicationDispense.performer.actor.practitioner.name.given",
        "relationship" : "equivalent",
        "comment" : "Details in the referred Practitioner or PractitionerRole resource"
      }]
    },
    {
      "code" : "Dispensation.pharmacyIdentifier",
      "display" : "B.1.4 Identifier of the pharmacy",
      "target" : [{
        "code" : "MedicationDispense.performer.actor",
        "relationship" : "related-to",
        "comment" : "When actor is of type PractitionerRole."
      }]
    },
    {
      "code" : "Dispensation.pharmacyIdentifier",
      "display" : "B.1.4 Identifier of the pharmacy",
      "target" : [{
        "code" : "MedicationDispense.performer.actor",
        "relationship" : "related-to",
        "comment" : "When actor is of type Organization."
      }]
    },
    {
      "code" : "Dispensation.pharmacyIdentifier",
      "display" : "B.1.4 Identifier of the pharmacy",
      "target" : [{
        "code" : "MedicationDispense.location.identifier",
        "relationship" : "related-to",
        "comment" : "When Location is used to identify the pharmacy."
      }]
    },
    {
      "code" : "Dispensation.pharmacyAddress",
      "display" : "B.1.5 Address of the pharmacy",
      "target" : [{
        "code" : "MedicationDispense.performer.actor.address",
        "relationship" : "related-to",
        "comment" : "When actor is of type Organization."
      }]
    },
    {
      "code" : "Dispensation.pharmacyAddress",
      "display" : "B.1.5 Address of the pharmacy",
      "target" : [{
        "code" : "MedicationDispense.location.address",
        "relationship" : "related-to",
        "comment" : "When Location is used to identify the pharmacy."
      }]
    },
    {
      "code" : "Dispensation.contactDetails",
      "display" : "B.1.6 Details of direct contact",
      "target" : [{
        "code" : "MedicationDispense.performer.actor.contact",
        "relationship" : "related-to",
        "comment" : "When actor is of type Organization."
      }]
    },
    {
      "code" : "Dispensation.contactDetails",
      "display" : "B.1.6 Details of direct contact",
      "target" : [{
        "code" : "MedicationDispense.location.telecom",
        "relationship" : "related-to",
        "comment" : "When Location is used to identify the pharmacy."
      }]
    },
    {
      "code" : "Dispensation.prescriptionIdentifier",
      "display" : "B.1.7 Identifier of the prescription",
      "target" : [{
        "code" : "MedicationDispense.authorizingPrescription.identifier",
        "relationship" : "equivalent"
      }]
    },
    {
      "code" : "Dispensation.medicinalProduct",
      "display" : "B.1.8 Medicinal product",
      "target" : [{
        "code" : "MedicationDispense.medication",
        "relationship" : "related-to"
      }]
    },
    {
      "code" : "Dispensation.dispensedQuantity",
      "display" : "B.1.9 Dispensed quantity",
      "target" : [{
        "code" : "MedicationDispense.quantity",
        "relationship" : "equivalent"
      }]
    },
    {
      "code" : "Dispensation.dispensationDate",
      "display" : "B.1.10 Dispensation date",
      "target" : [{
        "code" : "MedicationDispense.whenHandedOver",
        "relationship" : "equivalent"
      }]
    },
    {
      "code" : "Dispensation.substitution",
      "display" : "B.1.11 Substitution",
      "target" : [{
        "code" : "MedicationDispense.substitution",
        "relationship" : "related-to"
      }]
    }]
  }]
}