{
  "resourceType" : "Medication",
  "id" : "03B-VitaminBComplexBranded",
  "meta" : {
    "profile" : ["http://hl7.eu/fhir/r5/mpd/StructureDefinition/Medication-eu-mpd"]
  },
  "text" : {
    "status" : "extensions",
    "div" : "<div xmlns=\"http://www.w3.org/1999/xhtml\"><p class=\"res-header-id\"><b>Generated Narrative: Medication 03B-VitaminBComplexBranded</b></p><a name=\"03B-VitaminBComplexBranded\"> </a><a name=\"hc03B-VitaminBComplexBranded\"> </a><a name=\"03B-VitaminBComplexBranded-en-US\"> </a><div style=\"display: inline-block; background-color: #d9e0e7; padding: 6px; margin: 4px; border: 1px solid #8da1b4; border-radius: 5px; line-height: 60%\"><p style=\"margin-bottom: 0px\"/><p style=\"margin-bottom: 0px\">Profile: <a href=\"StructureDefinition-Medication-eu-mpd.html\">Medication: MPD</a></p></div><p><b>Medication - Classification</b>: <span title=\"Codes:{http://www.whocc.no/atc A11DB}\">Vitamin B1 in combination with vitamin B6 and/or vitamin B12</span></p><p><b>Medication - Product Name</b>: MILGAMMA N</p><p><b>Medication - Size of Item</b>: 2 milliliter<span style=\"background: LightGoldenRodYellow\"> (Details: UCUM  codemL = 'mL')</span></p><p><b>Medication - Unit of presentation</b>: <span title=\"Codes:{http://standardterms.edqm.eu 15002000}\">Ampoule</span></p><p><b>identifier</b>: <code>https://www.ravimiregister.ee</code>/1029776</p><p><b>doseForm</b>: <span title=\"Codes:{http://standardterms.edqm.eu 13047000}\">Solution for suspension for injection</span></p><p><b>totalVolume</b>: 5 Ampoule<span style=\"background: LightGoldenRodYellow\"> (Details: standardterms.edqm.eu  code15002000 = '15002000')</span></p><blockquote><p><b>ingredient</b></p><h3>Items</h3><table class=\"grid\"><tr><td style=\"display: none\">-</td><td><b>Concept</b></td></tr><tr><td style=\"display: none\">*</td><td><span title=\"Codes:{http://snomed.info/sct 259659006}\">Thiamine</span></td></tr></table><p><b>isActive</b>: true</p><p><b>strength</b>: 50 milligram<span style=\"background: LightGoldenRodYellow\"> (Details: UCUM  codemg = 'mg')</span>/1 milliliter<span style=\"background: LightGoldenRodYellow\"> (Details: UCUM  codemL = 'mL')</span></p></blockquote><blockquote><p><b>ingredient</b></p><h3>Items</h3><table class=\"grid\"><tr><td style=\"display: none\">-</td><td><b>Concept</b></td></tr><tr><td style=\"display: none\">*</td><td><span title=\"Codes:{http://snomed.info/sct 430469009}\">Pyridoxine</span></td></tr></table><p><b>isActive</b>: true</p><p><b>strength</b>: 50 milligram<span style=\"background: LightGoldenRodYellow\"> (Details: UCUM  codemg = 'mg')</span>/1 milliliter<span style=\"background: LightGoldenRodYellow\"> (Details: UCUM  codemL = 'mL')</span></p></blockquote><blockquote><p><b>ingredient</b></p><h3>Items</h3><table class=\"grid\"><tr><td style=\"display: none\">-</td><td><b>Concept</b></td></tr><tr><td style=\"display: none\">*</td><td><span title=\"Codes:{http://snomed.info/sct 419382002}\">Cyanocobalamin</span></td></tr></table><p><b>isActive</b>: true</p><p><b>strength</b>: 0.5 milligram<span style=\"background: LightGoldenRodYellow\"> (Details: UCUM  codemg = 'mg')</span>/1 milliliter<span style=\"background: LightGoldenRodYellow\"> (Details: UCUM  codemL = 'mL')</span></p></blockquote><blockquote><p><b>ingredient</b></p><h3>Items</h3><table class=\"grid\"><tr><td style=\"display: none\">-</td><td><b>Concept</b></td></tr><tr><td style=\"display: none\">*</td><td><span title=\"Codes:{http://snomed.info/sct 387480006}\">Lidocaine</span></td></tr></table><p><b>isActive</b>: true</p><p><b>strength</b>: 10 milligram<span style=\"background: LightGoldenRodYellow\"> (Details: UCUM  codemg = 'mg')</span>/1 milliliter<span style=\"background: LightGoldenRodYellow\"> (Details: UCUM  codemL = 'mL')</span></p></blockquote></div>"
  },
  "extension" : [{
    "url" : "http://profiles.ihe.net/PHARM/MPD/StructureDefinition/ihe-ext-medication-classification",
    "valueCodeableConcept" : {
      "coding" : [{
        "system" : "http://www.whocc.no/atc",
        "code" : "A11DB",
        "display" : "Vitamin B1 in combination with vitamin B6 and/or vitamin B12"
      }]
    }
  },
  {
    "url" : "http://profiles.ihe.net/PHARM/MPD/StructureDefinition/ihe-ext-medication-productname",
    "valueString" : "MILGAMMA N"
  },
  {
    "url" : "http://profiles.ihe.net/PHARM/MPD/StructureDefinition/ihe-ext-medication-sizeofitem",
    "valueQuantity" : {
      "value" : 2,
      "unit" : "milliliter",
      "system" : "http://unitsofmeasure.org",
      "code" : "mL"
    }
  },
  {
    "url" : "http://profiles.ihe.net/PHARM/MPD/StructureDefinition/ihe-ext-medication-unitofpresentation",
    "valueCodeableConcept" : {
      "coding" : [{
        "system" : "http://standardterms.edqm.eu",
        "code" : "15002000",
        "display" : "Ampoule"
      }]
    }
  }],
  "identifier" : [{
    "system" : "https://www.ravimiregister.ee",
    "value" : "1029776"
  }],
  "doseForm" : {
    "coding" : [{
      "system" : "http://standardterms.edqm.eu",
      "code" : "13047000",
      "display" : "Solution for suspension for injection"
    }]
  },
  "totalVolume" : {
    "value" : 5,
    "unit" : "Ampoule",
    "system" : "http://standardterms.edqm.eu",
    "code" : "15002000"
  },
  "ingredient" : [{
    "item" : {
      "concept" : {
        "coding" : [{
          "system" : "http://snomed.info/sct",
          "code" : "259659006",
          "display" : "Thiamine"
        }]
      }
    },
    "isActive" : true,
    "strengthRatio" : {
      "numerator" : {
        "value" : 50,
        "unit" : "milligram",
        "system" : "http://unitsofmeasure.org",
        "code" : "mg"
      },
      "denominator" : {
        "value" : 1,
        "unit" : "milliliter",
        "system" : "http://unitsofmeasure.org",
        "code" : "mL"
      }
    }
  },
  {
    "item" : {
      "concept" : {
        "coding" : [{
          "system" : "http://snomed.info/sct",
          "code" : "430469009",
          "display" : "Pyridoxine"
        }]
      }
    },
    "isActive" : true,
    "strengthRatio" : {
      "numerator" : {
        "value" : 50,
        "unit" : "milligram",
        "system" : "http://unitsofmeasure.org",
        "code" : "mg"
      },
      "denominator" : {
        "value" : 1,
        "unit" : "milliliter",
        "system" : "http://unitsofmeasure.org",
        "code" : "mL"
      }
    }
  },
  {
    "item" : {
      "concept" : {
        "coding" : [{
          "system" : "http://snomed.info/sct",
          "code" : "419382002",
          "display" : "Cyanocobalamin"
        }]
      }
    },
    "isActive" : true,
    "strengthRatio" : {
      "numerator" : {
        "value" : 0.5,
        "unit" : "milligram",
        "system" : "http://unitsofmeasure.org",
        "code" : "mg"
      },
      "denominator" : {
        "value" : 1,
        "unit" : "milliliter",
        "system" : "http://unitsofmeasure.org",
        "code" : "mL"
      }
    }
  },
  {
    "item" : {
      "concept" : {
        "coding" : [{
          "system" : "http://snomed.info/sct",
          "code" : "387480006",
          "display" : "Lidocaine"
        }]
      }
    },
    "isActive" : true,
    "strengthRatio" : {
      "numerator" : {
        "value" : 10,
        "unit" : "milligram",
        "system" : "http://unitsofmeasure.org",
        "code" : "mg"
      },
      "denominator" : {
        "value" : 1,
        "unit" : "milliliter",
        "system" : "http://unitsofmeasure.org",
        "code" : "mL"
      }
    }
  }]
}