<?xml version="1.0" encoding="UTF-8"?>

<MedicationDispense xmlns="http://hl7.org/fhir">
  <id value="400D-dispense-2"/>
  <meta>
    <profile value="http://hl7.eu/fhir/r5/mpd/StructureDefinition/MedicationDispense-eu-mpd"/>
  </meta>
  <text>
    <status value="generated"/><div xmlns="http://www.w3.org/1999/xhtml"><p class="res-header-id"><b>Generated Narrative: MedicationDispense 400D-dispense-2</b></p><a name="400D-dispense-2"> </a><a name="hc400D-dispense-2"> </a><a name="400D-dispense-2-en-US"> </a><div style="display: inline-block; background-color: #d9e0e7; padding: 6px; margin: 4px; border: 1px solid #8da1b4; border-radius: 5px; line-height: 60%"><p style="margin-bottom: 0px"/><p style="margin-bottom: 0px">Profile: <a href="StructureDefinition-MedicationDispense-eu-mpd.html">MedicationDispense: MPD</a></p></div><p><b>status</b>: Completed</p><h3>Medications</h3><table class="grid"><tr><td style="display: none">-</td><td><b>Reference</b></td></tr><tr><td style="display: none">*</td><td><a href="Medication-01D-Cefuroxime750Branded.html">Cefuroxime MIP 750 mg, powder for solution for injection. N5.</a></td></tr></table><p><b>subject</b>: <a href="Patient-patient1.html">Thomas Engine  Male, DoB: 1950-09-15 ( 12345)</a></p><h3>Performers</h3><table class="grid"><tr><td style="display: none">-</td><td><b>Actor</b></td></tr><tr><td style="display: none">*</td><td><a href="PractitionerRole-pharmacist1.html">PractitionerRole Pharmacist</a></td></tr></table><p><b>authorizingPrescription</b>: <a href="MedicationRequest-400C-prescription-cefuroxime-singleline.html">MedicationRequest: identifier = 10-123EP; status = active; intent = order; authoredOn = 2024-12-06</a></p><p><b>quantity</b>: 3 1<span style="background: LightGoldenRodYellow"> (Details: UCUM  code1 = '1')</span></p><p><b>daysSupply</b>: 4 day(s)<span style="background: LightGoldenRodYellow"> (Details: UCUM  coded = 'd')</span></p><p><b>whenHandedOver</b>: 2024-12-09 10:55:00+0000</p></div>
  </text>
  <status value="completed"/>
  <medication>
    <reference>
      <reference value="Medication/01D-Cefuroxime750Branded"/>
      <display value="Cefuroxime MIP 750 mg, powder for solution for injection. N5."/>
    </reference>
  </medication>
  <subject>
    <reference value="Patient/patient1"/>
  </subject>
  <performer>
    <actor>
      <reference value="PractitionerRole/pharmacist1"/>
    </actor>
  </performer>
  <authorizingPrescription>
    <reference value="MedicationRequest/400C-prescription-cefuroxime-singleline"/>
  </authorizingPrescription>
  <quantity>
    <value value="3"/>
    <system value="http://unitsofmeasure.org"/>
    <code value="1"/>
  </quantity>
  <daysSupply>
    <value value="4"/>
    <unit value="day(s)"/>
    <system value="http://unitsofmeasure.org"/>
    <code value="d"/>
  </daysSupply>
  <whenHandedOver value="2024-12-09T10:55:00Z"/>
</MedicationDispense>