<?xml version="1.0" encoding="UTF-8"?>

<Patient xmlns="http://hl7.org/fhir">
  <id value="patient1"/>
  <meta>
    <profile value="http://hl7.eu/fhir/base/StructureDefinition/patient-eu-core"/>
  </meta>
  <text>
    <status value="generated"/><div xmlns="http://www.w3.org/1999/xhtml"><p class="res-header-id"><b>Generated Narrative: Patient patient1</b></p><a name="patient1"> </a><a name="hcpatient1"> </a><a name="patient1-en-US"> </a><div style="display: inline-block; background-color: #d9e0e7; padding: 6px; margin: 4px; border: 1px solid #8da1b4; border-radius: 5px; line-height: 60%"><p style="margin-bottom: 0px"/><p style="margin-bottom: 0px">Profile: <a href="https://build.fhir.org/ig/hl7-eu/base-r5/StructureDefinition-patient-eu-core.html">Patient (EU core)</a></p></div><p style="border: 1px #661aff solid; background-color: #e6e6ff; padding: 10px;">Thomas Engine  Male, DoB: 1950-09-15 ( 12345)</p><hr/></div>
  </text>
  <identifier>
    <value value="12345"/>
  </identifier>
  <name>
    <family value="Engine"/>
    <given value="Thomas"/>
  </name>
  <gender value="male"/>
  <birthDate value="1950-09-15"/>
</Patient>