{
  "resourceType" : "Medication",
  "id" : "02A1-CanifugCremolumCreamItem",
  "meta" : {
    "profile" : ["http://hl7.eu/fhir/mpd/StructureDefinition/Medication-eu-mpd"]
  },
  "text" : {
    "status" : "extensions",
    "div" : "<div xmlns=\"http://www.w3.org/1999/xhtml\"><p class=\"res-header-id\"><b>Generated Narrative: Medication 02A1-CanifugCremolumCreamItem</b></p><a name=\"02A1-CanifugCremolumCreamItem\"> </a><a name=\"hc02A1-CanifugCremolumCreamItem\"> </a><a name=\"02A1-CanifugCremolumCreamItem-en-US\"> </a><p><b>Medication - Unit of presentation</b>: <span title=\"Codes:{http://standardterms.edqm.eu 15058000}\">Tube</span></p><p><b>Medication - Size of Item</b>: 20 gram<span style=\"background: LightGoldenRodYellow\"> (Details: UCUM  codeg = 'g')</span></p><p><b>form</b>: <span title=\"Codes:{http://standardterms.edqm.eu 10901000}\">Vaginal cream</span></p><p><b>amount</b>: 1 Tube<span style=\"background: LightGoldenRodYellow\"> (Details: standardterms.edqm.eu  code15058000 = 'Tube')</span>/1</p><h3>Ingredients</h3><table class=\"grid\"><tr><td style=\"display: none\">-</td><td><b>Item[x]</b></td><td><b>IsActive</b></td><td><b>Strength</b></td></tr><tr><td style=\"display: none\">*</td><td><span title=\"Codes:{http://snomed.info/sct 387325003}\">Clotrimazole</span></td><td>true</td><td>10 milligram<span style=\"background: LightGoldenRodYellow\"> (Details: UCUM  codemg = 'mg')</span>/1 gram<span style=\"background: LightGoldenRodYellow\"> (Details: UCUM  codeg = 'g')</span></td></tr></table></div>"
  },
  "extension" : [{
    "url" : "http://profiles.ihe.net/PHARM/ihe.pharm.mpd/StructureDefinition/ihe-ext-medication-unitofpresentation",
    "valueCodeableConcept" : {
      "coding" : [{
        "system" : "http://standardterms.edqm.eu",
        "code" : "15058000",
        "display" : "Tube"
      }]
    }
  },
  {
    "url" : "http://profiles.ihe.net/PHARM/ihe.pharm.mpd/StructureDefinition/ihe-ext-medication-sizeofitem",
    "valueQuantity" : {
      "value" : 20,
      "unit" : "gram",
      "system" : "http://unitsofmeasure.org",
      "code" : "g"
    }
  }],
  "form" : {
    "coding" : [{
      "system" : "http://standardterms.edqm.eu",
      "code" : "10901000",
      "display" : "Vaginal cream"
    }]
  },
  "amount" : {
    "numerator" : {
      "value" : 1,
      "unit" : "Tube",
      "system" : "http://standardterms.edqm.eu",
      "code" : "15058000"
    },
    "denominator" : {
      "value" : 1
    }
  },
  "ingredient" : [{
    "itemCodeableConcept" : {
      "coding" : [{
        "system" : "http://snomed.info/sct",
        "code" : "387325003",
        "display" : "Clotrimazole"
      }]
    },
    "isActive" : true,
    "strength" : {
      "numerator" : {
        "value" : 10,
        "unit" : "milligram",
        "system" : "http://unitsofmeasure.org",
        "code" : "mg"
      },
      "denominator" : {
        "value" : 1,
        "unit" : "gram",
        "system" : "http://unitsofmeasure.org",
        "code" : "g"
      }
    }
  }]
}