{
  "codeSystems" : [
    {
      "url" : "http://hl7.org/fhir/ValueSet/condition-code",
      "version" : "4.0.1",
      "status" : "draft",
      "name" : "Condition/Problem/DiagnosisCodes",
      "title" : "Condition/Problem/Diagnosis Codes",
      "description" : "Example value set for Condition/Problem/Diagnosis codes.",
      "systems" : ["http://snomed.info/sct"],
      "oids" : ["2.16.840.1.113883.4.642.3.161"],
      "sources" : ["2.16.840.1.113883.4.642.3.161"],
      "uses" : {
      },
      "StructureDefinition-MedicationRequest-eu-mpd.html" : "MedicationRequest: MPD"
    },
    {
      "url" : "http://hl7.org/fhir/uv/ips/ValueSet/medicine-active-substances-uv-ips",
      "version" : "2.0.0",
      "status" : "active",
      "name" : "MedicineActiveSubstancesUvIps",
      "title" : "Medicine Active Substances - IPS",
      "description" : "IPS Medicine active substance codes value set.  This value set includes codes from SNOMED CT®: all descendants of 410942007 \\|Drug or medicament (substance)\\|\n\nSNOMED CT® ECL definition:\\\n< 410942007 \\|Drug or medicament (substance)\\|\\\n\nFuture implementations should consider ISO 11238 Health informatics -- Identification of medicinal products -- Data elements and structures for the unique identification and exchange of regulated information on substances.",
      "systems" : ["http://snomed.info/sct"],
      "uses" : {
      },
      "StructureDefinition-Medication-eu-mpd.html" : "Medication: MPD"
    },
    {
      "url" : "http://terminology.ehdsi.eu/ValueSet/eHDSIDoseForm",
      "version" : "0.2.0",
      "status" : "active",
      "name" : "eHDSIDoseForm",
      "title" : "eHDSI Dose Form",
      "description" : "nan",
      "systems" : ["http://standardterms.edqm.eu"],
      "uses" : {
      },
      "StructureDefinition-Medication-eu-mpd.html" : "Medication: MPD"
    },
    {
      "url" : "http://terminology.ehdsi.eu/ValueSet/eHDSIIllnessandDisorder",
      "version" : "0.2.0",
      "status" : "active",
      "name" : "eHDSIIllnessandDisorder",
      "title" : "eHDSI Illness and Disorder",
      "description" : "The complete content of ICD-10, excluding Chapter XX.",
      "systems" : ["http://hl7.org/fhir/sid/icd-10"],
      "uses" : {
      },
      "StructureDefinition-MedicationRequest-eu-mpd.html" : "MedicationRequest: MPD"
    },
    {
      "url" : "http://terminology.ehdsi.eu/ValueSet/eHDSIPackage",
      "version" : "0.2.0",
      "status" : "active",
      "name" : "eHDSIPackage",
      "title" : "eHDSI Package",
      "description" : "nan",
      "systems" : ["http://standardterms.edqm.eu"],
      "uses" : {
      },
      "StructureDefinition-Medication-eu-mpd.html" : "Medication: MPD"
    }
  ]
}
