URL,Version,Status,OIDs,Name,Title,Descriptino,Uses,Used,Sources
http://hl7.org/fhir/ValueSet/condition-code,4.0.1,draft,"2.16.840.1.113883.4.642.3.161",Condition/Problem/DiagnosisCodes,Condition/Problem/Diagnosis Codes,"Example value set for Condition/Problem/Diagnosis codes.","StructureDefinition/MedicationRequest-eu-mpd","SCT"
http://hl7.org/fhir/uv/ips/ValueSet/medicine-active-substances-uv-ips,2.0.0,active,,MedicineActiveSubstancesUvIps,Medicine Active Substances - IPS,"IPS Medicine active substance codes value set.  This value set includes codes from SNOMED CT®: all descendants of 410942007 \|Drug or medicament (substance)\|  SNOMED CT® ECL definition:\ < 410942007 \|Drug or medicament (substance)\|\  Future implementations should consider ISO 11238 Health informatics -- Identification of medicinal products -- Data elements and structures for the unique identification and exchange of regulated information on substances.","StructureDefinition/Medication-eu-mpd","SCT"
http://terminology.ehdsi.eu/ValueSet/eHDSIDoseForm,0.2.0,active,,eHDSIDoseForm,eHDSI Dose Form,"nan","StructureDefinition/Medication-eu-mpd","Other"
http://terminology.ehdsi.eu/ValueSet/eHDSIIllnessandDisorder,0.2.0,active,,eHDSIIllnessandDisorder,eHDSI Illness and Disorder,"The complete content of ICD-10, excluding Chapter XX.","StructureDefinition/MedicationRequest-eu-mpd","hl7.terminology.r4"
http://terminology.ehdsi.eu/ValueSet/eHDSIPackage,0.2.0,active,,eHDSIPackage,eHDSI Package,"nan","StructureDefinition/Medication-eu-mpd","Other"
