<?xml version="1.0" encoding="UTF-8"?><ConceptMap xmlns="http://hl7.org/fhir"><id value="eD2FHIR-eu-mpd"/><text><status value="generated"/><div xmlns="http://www.w3.org/1999/xhtml"><p class="res-header-id"><b>Generated Narrative: ConceptMap eD2FHIR-eu-mpd</b></p><a name="eD2FHIR-eu-mpd"> </a><a name="hceD2FHIR-eu-mpd"> </a><a name="eD2FHIR-eu-mpd-en-US"> </a><p>Mapping from <a href="StructureDefinition-Dispensation.html">B.1 Dispensation information (provided by the dispensing pharmacy)</a> to <a href="StructureDefinition-MedicationDispense-eu-mpd.html">MedicationDispense: MPD</a></p><br/><p><b>Group 1 </b>Mapping from <code>unspecified code system</code> to <code>unspecified code system</code></p><table class="grid"><tr><td><b>Source Code</b></td><td><b>Relationship</b></td><td><b>Target Code</b></td><td><b>Comment</b></td></tr><tr><td>Dispensation.dispenserIdentifier (B.1.1 Identifier of the dispenser)</td><td><a href="http://hl7.org/fhir/R5/codesystem-concept-map-relationship.html#equivalent" title="equivalent">is equivalent to</a></td><td>MedicationDispense.performer.actor</td><td>Details in the referred Practitioner or PractitionerRole resource</td></tr><tr><td>Dispensation.dispenserFamilyName (B.1.2 Family name of the dispenser)</td><td><a href="http://hl7.org/fhir/R5/codesystem-concept-map-relationship.html#related-to" title="related-to">is related to</a></td><td>MedicationDispense.performer.actor</td><td>Details in the referred Practitioner or PractitionerRole resource</td></tr><tr><td>Dispensation.dispenserGivenName (B.1.3 Given name of the dispenser)</td><td><a href="http://hl7.org/fhir/R5/codesystem-concept-map-relationship.html#equivalent" title="equivalent">is equivalent to</a></td><td>MedicationDispense.performer.actor.practitioner.name.given</td><td>Details in the referred Practitioner or PractitionerRole resource</td></tr><tr><td>Dispensation.pharmacyIdentifier (B.1.4 Identifier of the pharmacy)</td><td><a href="http://hl7.org/fhir/R5/codesystem-concept-map-relationship.html#related-to" title="related-to">is related to</a></td><td>MedicationDispense.performer.actor</td><td>When actor is of type PractitionerRole.</td></tr><tr><td>Dispensation.pharmacyIdentifier (B.1.4 Identifier of the pharmacy)</td><td><a href="http://hl7.org/fhir/R5/codesystem-concept-map-relationship.html#related-to" title="related-to">is related to</a></td><td>MedicationDispense.performer.actor</td><td>When actor is of type Organization.</td></tr><tr><td>Dispensation.pharmacyIdentifier (B.1.4 Identifier of the pharmacy)</td><td><a href="http://hl7.org/fhir/R5/codesystem-concept-map-relationship.html#related-to" title="related-to">is related to</a></td><td>MedicationDispense.location.identifier</td><td>When Location is used to identify the pharmacy.</td></tr><tr><td>Dispensation.pharmacyAddress (B.1.5 Address of the pharmacy)</td><td><a href="http://hl7.org/fhir/R5/codesystem-concept-map-relationship.html#related-to" title="related-to">is related to</a></td><td>MedicationDispense.performer.actor.address</td><td>When actor is of type Organization.</td></tr><tr><td>Dispensation.pharmacyAddress (B.1.5 Address of the pharmacy)</td><td><a href="http://hl7.org/fhir/R5/codesystem-concept-map-relationship.html#related-to" title="related-to">is related to</a></td><td>MedicationDispense.location.address</td><td>When Location is used to identify the pharmacy.</td></tr><tr><td>Dispensation.contactDetails (B.1.6 Details of direct contact)</td><td><a href="http://hl7.org/fhir/R5/codesystem-concept-map-relationship.html#related-to" title="related-to">is related to</a></td><td>MedicationDispense.performer.actor.contact</td><td>When actor is of type Organization.</td></tr><tr><td>Dispensation.contactDetails (B.1.6 Details of direct contact)</td><td><a href="http://hl7.org/fhir/R5/codesystem-concept-map-relationship.html#related-to" title="related-to">is related to</a></td><td>MedicationDispense.location.telecom</td><td>When Location is used to identify the pharmacy.</td></tr><tr><td>Dispensation.prescriptionIdentifier (B.1.7 Identifier of the prescription)</td><td><a href="http://hl7.org/fhir/R5/codesystem-concept-map-relationship.html#equivalent" title="equivalent">is equivalent to</a></td><td>MedicationDispense.authorizingPrescription.identifier</td><td/></tr><tr><td>Dispensation.medicinalProduct (B.1.8 Medicinal product)</td><td><a href="http://hl7.org/fhir/R5/codesystem-concept-map-relationship.html#related-to" title="related-to">is related to</a></td><td>MedicationDispense.medication</td><td/></tr><tr><td>Dispensation.dispensedQuantity (B.1.9 Dispensed quantity)</td><td><a href="http://hl7.org/fhir/R5/codesystem-concept-map-relationship.html#equivalent" title="equivalent">is equivalent to</a></td><td>MedicationDispense.quantity</td><td/></tr><tr><td>Dispensation.dispensationDate (B.1.10 Dispensation date)</td><td><a href="http://hl7.org/fhir/R5/codesystem-concept-map-relationship.html#equivalent" title="equivalent">is equivalent to</a></td><td>MedicationDispense.whenHandedOver</td><td/></tr><tr><td>Dispensation.substitution (B.1.11 Substitution)</td><td><a href="http://hl7.org/fhir/R5/codesystem-concept-map-relationship.html#related-to" title="related-to">is related to</a></td><td>MedicationDispense.substitution</td><td/></tr></table></div></text><url value="http://hl7.eu/fhir/r5/mpd/ConceptMap/eD2FHIR-eu-mpd"/><version value="0.1.0"/><name value="eD2Fhir"/><title value="eHN eDispense to this guide Map"/><status value="draft"/><experimental value="true"/><date value="2025-04-06T09:27:57+00:00"/><publisher value="HL7 Europe"/><contact><name value="HL7 Europe"/><telecom><system value="url"/><value value="http://hl7.eu"/></telecom></contact><description value="eHN eDispensation Model to this guide Map"/><jurisdiction><coding><system value="http://unstats.un.org/unsd/methods/m49/m49.htm"/><code value="150"/><display value="Europe"/></coding></jurisdiction><purpose value="It shows how the eDispensation data set defined by the EU eHN guidelines is mapped into this guide"/><copyright value="Used by permission of HL7 Europe, all rights reserved Creative Commons License"/><sourceScopeUri value="http://hl7.eu/fhir/r5/mpd/StructureDefinition/Dispensation"/><targetScopeUri value="http://hl7.eu/fhir/r5/mpd/StructureDefinition/MedicationDispense-eu-mpd"/><group><element><code value="Dispensation.dispenserIdentifier"/><display value="B.1.1 Identifier of the dispenser"/><target><code value="MedicationDispense.performer.actor"/><relationship value="equivalent"/><comment value="Details in the referred Practitioner or PractitionerRole resource"/></target></element><element><code value="Dispensation.dispenserFamilyName"/><display value="B.1.2 Family name of the dispenser"/><target><code value="MedicationDispense.performer.actor"/><relationship value="related-to"/><comment value="Details in the referred Practitioner or PractitionerRole resource"/></target></element><element><code value="Dispensation.dispenserGivenName"/><display value="B.1.3 Given name of the dispenser"/><target><code value="MedicationDispense.performer.actor.practitioner.name.given"/><relationship value="equivalent"/><comment value="Details in the referred Practitioner or PractitionerRole resource"/></target></element><element><code value="Dispensation.pharmacyIdentifier"/><display value="B.1.4 Identifier of the pharmacy"/><target><code value="MedicationDispense.performer.actor"/><relationship value="related-to"/><comment value="When actor is of type PractitionerRole."/></target></element><element><code value="Dispensation.pharmacyIdentifier"/><display value="B.1.4 Identifier of the pharmacy"/><target><code value="MedicationDispense.performer.actor"/><relationship value="related-to"/><comment value="When actor is of type Organization."/></target></element><element><code value="Dispensation.pharmacyIdentifier"/><display value="B.1.4 Identifier of the pharmacy"/><target><code value="MedicationDispense.location.identifier"/><relationship value="related-to"/><comment value="When Location is used to identify the pharmacy."/></target></element><element><code value="Dispensation.pharmacyAddress"/><display value="B.1.5 Address of the pharmacy"/><target><code value="MedicationDispense.performer.actor.address"/><relationship value="related-to"/><comment value="When actor is of type Organization."/></target></element><element><code value="Dispensation.pharmacyAddress"/><display value="B.1.5 Address of the pharmacy"/><target><code value="MedicationDispense.location.address"/><relationship value="related-to"/><comment value="When Location is used to identify the pharmacy."/></target></element><element><code value="Dispensation.contactDetails"/><display value="B.1.6 Details of direct contact"/><target><code value="MedicationDispense.performer.actor.contact"/><relationship value="related-to"/><comment value="When actor is of type Organization."/></target></element><element><code value="Dispensation.contactDetails"/><display value="B.1.6 Details of direct contact"/><target><code value="MedicationDispense.location.telecom"/><relationship value="related-to"/><comment value="When Location is used to identify the pharmacy."/></target></element><element><code value="Dispensation.prescriptionIdentifier"/><display value="B.1.7 Identifier of the prescription"/><target><code value="MedicationDispense.authorizingPrescription.identifier"/><relationship value="equivalent"/></target></element><element><code value="Dispensation.medicinalProduct"/><display value="B.1.8 Medicinal product"/><target><code value="MedicationDispense.medication"/><relationship value="related-to"/></target></element><element><code value="Dispensation.dispensedQuantity"/><display value="B.1.9 Dispensed quantity"/><target><code value="MedicationDispense.quantity"/><relationship value="equivalent"/></target></element><element><code value="Dispensation.dispensationDate"/><display value="B.1.10 Dispensation date"/><target><code value="MedicationDispense.whenHandedOver"/><relationship value="equivalent"/></target></element><element><code value="Dispensation.substitution"/><display value="B.1.11 Substitution"/><target><code value="MedicationDispense.substitution"/><relationship value="related-to"/></target></element></group></ConceptMap>