<?xml version="1.0" encoding="UTF-8"?><ImplementationGuide xmlns="http://hl7.org/fhir"><id value="hl7.fhir.eu.r5.mpd"/><text><status value="generated"/><div xmlns="http://www.w3.org/1999/xhtml"><p class="res-header-id"><b>Generated Narrative: ImplementationGuide hl7.fhir.eu.r5.mpd</b></p><a name="hl7.fhir.eu.r5.mpd"> </a><a name="hchl7.fhir.eu.r5.mpd"> </a><a name="hl7.fhir.eu.r5.mpd-en-US"> </a><h2>Hl7EuMedPrescriptionDispenseIg</h2><p>The official URL for this implementation guide is: </p><pre>http://hl7.eu/fhir/r5/mpd/ImplementationGuide/hl7.fhir.eu.r5.mpd</pre><div><p>This guide describes how to represent in HL7 FHIR Prescription and Dispense in the European context</p>
</div></div></text><url value="http://hl7.eu/fhir/r5/mpd/ImplementationGuide/hl7.fhir.eu.r5.mpd"/><version value="0.1.0"/><name value="Hl7EuMedPrescriptionDispenseIg"/><title value="HL7 Europe Medication Prescription and Dispense"/><status value="draft"/><date value="2025-04-06T09:27:57+00:00"/><publisher value="HL7 Europe"/><contact><name value="HL7 Europe"/><telecom><system value="url"/><value value="http://hl7.eu"/></telecom></contact><description value="This guide describes how to represent in HL7 FHIR Prescription and Dispense in the European context"/><jurisdiction><coding><system value="http://unstats.un.org/unsd/methods/m49/m49.htm"/><code value="150"/><display value="Europe"/></coding></jurisdiction><copyright value="Used by permission of HL7 Europe, all rights reserved Creative Commons License"/><packageId value="hl7.fhir.eu.r5.mpd"/><license value="CC0-1.0"/><fhirVersion value="5.0.0"/><dependsOn id="hl7tx"><extension url="http://hl7.org/fhir/tools/StructureDefinition/implementationguide-dependency-comment"><valueMarkdown value="Automatically added as a dependency - all IGs depend on HL7 Terminology"/></extension><uri value="http://terminology.hl7.org/ImplementationGuide/hl7.terminology"/><packageId value="hl7.terminology.r5"/><version value="6.2.0"/></dependsOn><dependsOn id="hl7ext"><extension url="http://hl7.org/fhir/tools/StructureDefinition/implementationguide-dependency-comment"><valueMarkdown value="Automatically added as a dependency - all IGs depend on the HL7 Extension Pack"/></extension><uri value="http://hl7.org/fhir/extensions/ImplementationGuide/hl7.fhir.uv.extensions"/><packageId value="hl7.fhir.uv.extensions.r5"/><version value="5.2.0"/></dependsOn><dependsOn id="ihe_pharm_mpd"><uri value="http://profiles.ihe.net/PHARM/MPD/ImplementationGuide/ihe.pharm.mpd"/><packageId value="ihe.pharm.mpd"/><version value="current"/></dependsOn><dependsOn id="hl7_fhir_eu_base_r5"><uri value="http://hl7.eu/fhir/base/ImplementationGuide/hl7.fhir.eu.base.r5"/><packageId value="hl7.fhir.eu.base.r5"/><version value="dev"/></dependsOn><dependsOn id="hl7_fhir_eu_extensions_r5"><uri value="http://hl7.eu/fhir/extensions/ImplementationGuide/hl7.fhir.eu.extensions.r5"/><packageId value="hl7.fhir.eu.extensions.r5"/><version value="current"/></dependsOn><definition><extension url="http://hl7.org/fhir/tools/StructureDefinition/ig-internal-dependency"><valueCode value="hl7.fhir.uv.tools.r5#0.4.1"/></extension><grouping id="eHNGuidelines"><name value="Data Sets from eHN Guidelines"/><description value="eHealth Network Guidelines data sets represented as FHIR logical models. Please note, that eHN data sets do not have explicit information about cardinality and data types. New, fully machine-readable logical information models are being created in Xt-EHR project. See more information about new EHDS logical models work on [Logical Models page](logicalmodels.html)."/></grouping><grouping id="FHIRProfiles"><name value="FHIR Profiles"/><description value="Profiles for ePrescription and eDispensation use case. Note that there is no single profile for ePrescription, but only for MedicationRequest, which translates to a single line on a prescription (read more in [Implementation Notes](implementationnotes.html)). Profiles for Patient, PractitionerRole, and Organization are published in HL7 Europe Base IG. All profiles are based on [EHDS logical information models](logicalmodels.html) that are being developed by Xt-EHR project."/></grouping><grouping id="ModelMaps"><name value="Mappings from eHN Data Sets"/><description value="These concept maps represent a high-level mapping from eHN guidelines data sets and FHIR profiles in this IG. Please note that mappings from EHDS logical models are provided on [Logical models page](logicalmodels.html)."/></grouping><grouping id="-map-conceptmap"><name value="Terminology: Concept Maps"/><description value="These define transformations to convert between codes by systems conforming with this implementation guide."/></grouping><grouping id="-ex-example"><name value="Example: Example Instances"/><description value="These are example instances that show what data produced and consumed by systems conforming with this implementation guide might look like."/></grouping><resource><extension url="http://hl7.org/fhir/tools/StructureDefinition/resource-sort"><valueInteger value="999999999"/></extension><extension url="http://hl7.org/fhir/StructureDefinition/implementationguide-page"><valueUri value="StructureDefinition-Prescription.html"/></extension><reference><reference value="StructureDefinition/Prescription"/></reference><name value="A - Prescription"/><description value="Prescription. Several Sections of the eHN guideline."/><isExample value="false"/><groupingId value="eHNGuidelines"/></resource><resource><extension url="http://hl7.org/fhir/tools/StructureDefinition/resource-sort"><valueInteger value="999999999"/></extension><extension url="http://hl7.org/fhir/StructureDefinition/implementationguide-page"><valueUri value="StructureDefinition-Subject.html"/></extension><reference><reference value="StructureDefinition/Subject"/></reference><name value="A.1.1 Patient administrative data"/><description value="Patient. Sections A1.1 of the eHN guideline."/><isExample value="false"/><groupingId value="eHNGuidelines"/></resource><resource><extension url="http://hl7.org/fhir/tools/StructureDefinition/resource-sort"><valueInteger value="999999999"/></extension><extension url="http://hl7.org/fhir/StructureDefinition/implementationguide-page"><valueUri value="StructureDefinition-MedicinalProduct.html"/></extension><reference><reference value="StructureDefinition/MedicinalProduct"/></reference><name value="A1.4 Identification of the prescribed product"/><description value="Identification of the prescribed product. Section A1.4 of the eHN guideline"/><isExample value="false"/><groupingId value="eHNGuidelines"/></resource><resource><extension url="http://hl7.org/fhir/tools/StructureDefinition/resource-sort"><valueInteger value="999999999"/></extension><extension url="http://hl7.org/fhir/StructureDefinition/implementationguide-page"><valueUri value="StructureDefinition-Dispensation.html"/></extension><reference><reference value="StructureDefinition/Dispensation"/></reference><name value="B.1 Dispensation information (provided by the dispensing pharmacy)"/><description value="Dispensation information (provided by the dispensing pharmacy). Section B1 of the guidelines"/><isExample value="false"/><groupingId value="eHNGuidelines"/></resource><resource><extension url="http://hl7.org/fhir/tools/StructureDefinition/resource-sort"><valueInteger value="999999999"/></extension><extension url="http://hl7.org/fhir/StructureDefinition/implementationguide-page"><valueUri value="StructureDefinition-Medication-eu-mpd.html"/></extension><reference><reference value="StructureDefinition/Medication-eu-mpd"/></reference><name value="Medication: MPD"/><description value="This profile defines how to represent Medication data on ePrescription and eDispensation"/><isExample value="false"/><groupingId value="FHIRProfiles"/></resource><resource><extension url="http://hl7.org/fhir/tools/StructureDefinition/resource-sort"><valueInteger value="999999999"/></extension><extension url="http://hl7.org/fhir/StructureDefinition/implementationguide-page"><valueUri value="StructureDefinition-MedicationDispense-eu-mpd.html"/></extension><reference><reference value="StructureDefinition/MedicationDispense-eu-mpd"/></reference><name value="MedicationDispense: MPD"/><description value="MedicationDispense profile for capturing dispensation information based on a medication prescription."/><isExample value="false"/><groupingId value="FHIRProfiles"/></resource><resource><extension url="http://hl7.org/fhir/tools/StructureDefinition/resource-sort"><valueInteger value="999999999"/></extension><extension url="http://hl7.org/fhir/StructureDefinition/implementationguide-page"><valueUri value="StructureDefinition-MedicationRequest-eu-mpd.html"/></extension><reference><reference value="StructureDefinition/MedicationRequest-eu-mpd"/></reference><name value="MedicationRequest: MPD"/><description value="This profile defines how to represent ePrescription or other medication request."/><isExample value="false"/><groupingId value="FHIRProfiles"/></resource><resource><extension url="http://hl7.org/fhir/tools/StructureDefinition/resource-sort"><valueInteger value="999999999"/></extension><extension url="http://hl7.org/fhir/StructureDefinition/implementationguide-page"><valueUri value="ConceptMap-eD2FHIR-eu-mpd.html"/></extension><reference><reference value="ConceptMap/eD2FHIR-eu-mpd"/></reference><name value="eHN eDispense to this guide Map"/><description value="eHN eDispensation Model to this guide Map"/><isExample value="false"/><groupingId value="ModelMaps"/></resource><resource><extension url="http://hl7.org/fhir/tools/StructureDefinition/resource-sort"><valueInteger value="999999999"/></extension><extension url="http://hl7.org/fhir/StructureDefinition/implementationguide-page"><valueUri value="ConceptMap-medProd2FHIR-eu-mpd.html"/></extension><reference><reference value="ConceptMap/medProd2FHIR-eu-mpd"/></reference><name value="eHN Medicinal Product to this guide Map"/><description value="eHN Medicinal Product Model to this guide Map"/><isExample value="false"/><groupingId value="ModelMaps"/></resource><resource><extension url="http://hl7.org/fhir/tools/StructureDefinition/resource-sort"><valueInteger value="999999999"/></extension><extension url="http://hl7.org/fhir/StructureDefinition/implementationguide-page"><valueUri value="ConceptMap-eP2FHIR-eu-mpd.html"/></extension><reference><reference value="ConceptMap/eP2FHIR-eu-mpd"/></reference><name value="eHN ePrescription to this guide Map"/><description value="eHN ePrescription Model to this guide Map"/><isExample value="false"/><groupingId value="-map-conceptmap"/></resource><resource><extension url="http://hl7.org/fhir/tools/StructureDefinition/resource-sort"><valueInteger value="999999999"/></extension><extension url="http://hl7.org/fhir/StructureDefinition/implementationguide-page"><valueUri value="Medication-01A-Cefuroxime1500GenericExplicit.html"/></extension><reference><reference value="Medication/01A-Cefuroxime1500GenericExplicit"/></reference><name value="01A-Cefuroxime1500GenericExplicit"/><description value="1A. Cefuroxime 1500mg (1.5g) powder for solution in a vial. Generic product, defined by attributes."/><isExample value="true"/><profile value="http://hl7.eu/fhir/r5/mpd/StructureDefinition/Medication-eu-mpd"/><groupingId value="-ex-example"/></resource><resource><extension url="http://hl7.org/fhir/tools/StructureDefinition/resource-sort"><valueInteger value="999999999"/></extension><extension url="http://hl7.org/fhir/StructureDefinition/implementationguide-page"><valueUri value="Medication-01B-Cefuroxime1500GenericConcept.html"/></extension><reference><reference value="Medication/01B-Cefuroxime1500GenericConcept"/></reference><name value="01B-Cefuroxime1500GenericConcept"/><description value="1B. Cefuroxime 1500mg (1.5g) powder for solution in a vial. Generic product, defined by a code system (receiving system is expected to have access to the code system for additional attributes or display names)."/><isExample value="true"/><profile value="http://hl7.eu/fhir/r5/mpd/StructureDefinition/Medication-eu-mpd"/><groupingId value="-ex-example"/></resource><resource><extension url="http://hl7.org/fhir/tools/StructureDefinition/resource-sort"><valueInteger value="999999999"/></extension><extension url="http://hl7.org/fhir/StructureDefinition/implementationguide-page"><valueUri value="Medication-01C-Cefuroxime1500Branded.html"/></extension><reference><reference value="Medication/01C-Cefuroxime1500Branded"/></reference><name value="01C-Cefuroxime1500Branded"/><description value="1C. Cefuroxime 1500mg (1.5g) powder for solution in a vial. Branded packaged product, defined by attributes."/><isExample value="true"/><profile value="http://hl7.eu/fhir/r5/mpd/StructureDefinition/Medication-eu-mpd"/><groupingId value="-ex-example"/></resource><resource><extension url="http://hl7.org/fhir/tools/StructureDefinition/resource-sort"><valueInteger value="999999999"/></extension><extension url="http://hl7.org/fhir/StructureDefinition/implementationguide-page"><valueUri value="Medication-01D-Cefuroxime750Branded.html"/></extension><reference><reference value="Medication/01D-Cefuroxime750Branded"/></reference><name value="01D-Cefuroxime750Branded"/><description value="1D. Cefuroxime 750mg powder for solution in a vial (5 vials per package). Branded packaged product, defined by attributes."/><isExample value="true"/><profile value="http://hl7.eu/fhir/r5/mpd/StructureDefinition/Medication-eu-mpd"/><groupingId value="-ex-example"/></resource><resource><extension url="http://hl7.org/fhir/tools/StructureDefinition/resource-sort"><valueInteger value="999999999"/></extension><extension url="http://hl7.org/fhir/StructureDefinition/implementationguide-page"><valueUri value="Medication-02A-ClotrimazoleCanifugCremolum.html"/></extension><reference><reference value="Medication/02A-ClotrimazoleCanifugCremolum"/></reference><name value="02A-ClotrimazoleCanifugCremolum"/><description value="2A. Clotrimazole cream 10mg/g and 6 pessaries 100g. Branded packaged product, consisting of different medication items. Defined by attributes."/><isExample value="true"/><profile value="http://hl7.eu/fhir/r5/mpd/StructureDefinition/Medication-eu-mpd"/><groupingId value="-ex-example"/></resource><resource><extension url="http://hl7.org/fhir/tools/StructureDefinition/resource-sort"><valueInteger value="999999999"/></extension><extension url="http://hl7.org/fhir/StructureDefinition/implementationguide-page"><valueUri value="Medication-02A1-CanifugCremolumCreamItem.html"/></extension><reference><reference value="Medication/02A1-CanifugCremolumCreamItem"/></reference><name value="02A1-CanifugCremolumCreamItem"/><description value="2A1. Clotrimazole cream (10mg/g, 1 tube of 20g) as part of Canifug Cremolum product (ISO IDMP manufactured item)"/><isExample value="true"/><profile value="http://hl7.eu/fhir/r5/mpd/StructureDefinition/Medication-eu-mpd"/><groupingId value="-ex-example"/></resource><resource><extension url="http://hl7.org/fhir/tools/StructureDefinition/resource-sort"><valueInteger value="999999999"/></extension><extension url="http://hl7.org/fhir/StructureDefinition/implementationguide-page"><valueUri value="Medication-02A2-CanifugCremolumPessaryItem.html"/></extension><reference><reference value="Medication/02A2-CanifugCremolumPessaryItem"/></reference><name value="02A2-CanifugCremolumPessaryItem"/><description value="2A2. Clotrimazole pessary (6 pessaries of 100mg) as part of Canifug Cremolum product (ISO IDMP manufactured item)"/><isExample value="true"/><profile value="http://hl7.eu/fhir/r5/mpd/StructureDefinition/Medication-eu-mpd"/><groupingId value="-ex-example"/></resource><resource><extension url="http://hl7.org/fhir/tools/StructureDefinition/resource-sort"><valueInteger value="999999999"/></extension><extension url="http://hl7.org/fhir/StructureDefinition/implementationguide-page"><valueUri value="Medication-03B-VitaminBComplexBranded.html"/></extension><reference><reference value="Medication/03B-VitaminBComplexBranded"/></reference><name value="03B-VitaminBComplexBranded"/><description value="3B. Milgamma N, B-vitamin complex. Branded packaged product, defined by attributes."/><isExample value="true"/><profile value="http://hl7.eu/fhir/r5/mpd/StructureDefinition/Medication-eu-mpd"/><groupingId value="-ex-example"/></resource><resource><extension url="http://hl7.org/fhir/tools/StructureDefinition/resource-sort"><valueInteger value="999999999"/></extension><extension url="http://hl7.org/fhir/StructureDefinition/implementationguide-page"><valueUri value="Medication-04A-FirmagonBranded.html"/></extension><reference><reference value="Medication/04A-FirmagonBranded"/></reference><name value="04A-FirmagonBranded"/><description value="4A. Firmagon. Branded packaged product, defined by attributes, includes administration devices."/><isExample value="true"/><profile value="http://hl7.eu/fhir/r5/mpd/StructureDefinition/Medication-eu-mpd"/><groupingId value="-ex-example"/></resource><resource><extension url="http://hl7.org/fhir/tools/StructureDefinition/resource-sort"><valueInteger value="999999999"/></extension><extension url="http://hl7.org/fhir/StructureDefinition/implementationguide-page"><valueUri value="Medication-05A-Tilidin-Branded.html"/></extension><reference><reference value="Medication/05A-Tilidin-Branded"/></reference><name value="05A-Tilidin-Branded"/><description value="5A. Tilidin (50mg), Naloxon (4mg) oral drops. Branded packaged product, defined by attributes. Unusual strength."/><isExample value="true"/><profile value="http://hl7.eu/fhir/r5/mpd/StructureDefinition/Medication-eu-mpd"/><groupingId value="-ex-example"/></resource><resource><extension url="http://hl7.org/fhir/tools/StructureDefinition/resource-sort"><valueInteger value="999999999"/></extension><extension url="http://hl7.org/fhir/StructureDefinition/implementationguide-page"><valueUri value="Bundle-100A-multiitem-prescription-with-orchestration.html"/></extension><reference><reference value="Bundle/100A-multiitem-prescription-with-orchestration"/></reference><name value="100A-multiitem-prescription-with-orchestration"/><description value="100A. Multiitem prescription with RequestOrchestration (R4 RequestGroup). 42-day cycle treatment consisting of three medications that should start at the same time. Wrapped in a Bundle for better readability."/><isExample value="true"/><groupingId value="-ex-example"/></resource><resource><extension url="http://hl7.org/fhir/tools/StructureDefinition/resource-sort"><valueInteger value="999999999"/></extension><extension url="http://hl7.org/fhir/StructureDefinition/implementationguide-page"><valueUri value="RequestOrchestration-100B-RequestOrchestration.html"/></extension><reference><reference value="RequestOrchestration/100B-RequestOrchestration"/></reference><name value="100B-RequestOrchestration"/><description value="100B. A grouper for the lines of a multiitem prescription. It should not be considered the prescription object as such."/><isExample value="true"/><groupingId value="-ex-example"/></resource><resource><extension url="http://hl7.org/fhir/tools/StructureDefinition/resource-sort"><valueInteger value="999999999"/></extension><extension url="http://hl7.org/fhir/StructureDefinition/implementationguide-page"><valueUri value="MedicationRequest-100C-3-medication-prescription-request1.html"/></extension><reference><reference value="MedicationRequest/100C-3-medication-prescription-request1"/></reference><name value="100C-3-medication-prescription-request1"/><description value="100C-1. A prescription item (MedicationRequest) that is a part of a three-item-prescription (42-day treatment cycle). Generic. Thalidomide 50mgx4 once a day before bed for 42 days."/><isExample value="true"/><profile value="http://hl7.eu/fhir/r5/mpd/StructureDefinition/MedicationRequest-eu-mpd"/><groupingId value="-ex-example"/></resource><resource><extension url="http://hl7.org/fhir/tools/StructureDefinition/resource-sort"><valueInteger value="999999999"/></extension><extension url="http://hl7.org/fhir/StructureDefinition/implementationguide-page"><valueUri value="MedicationRequest-100C-3-medication-prescription-request2.html"/></extension><reference><reference value="MedicationRequest/100C-3-medication-prescription-request2"/></reference><name value="100C-3-medication-prescription-request2"/><description value="100C-2. A prescription item (MedicationRequest) that is a part of a three-item-prescription (42-day treatment cycle). Generic. Melphalan 2mgx4 once a day for 4 days in the beginning of cycle."/><isExample value="true"/><profile value="http://hl7.eu/fhir/r5/mpd/StructureDefinition/MedicationRequest-eu-mpd"/><groupingId value="-ex-example"/></resource><resource><extension url="http://hl7.org/fhir/tools/StructureDefinition/resource-sort"><valueInteger value="999999999"/></extension><extension url="http://hl7.org/fhir/StructureDefinition/implementationguide-page"><valueUri value="MedicationRequest-100C-3-medication-prescription-request3.html"/></extension><reference><reference value="MedicationRequest/100C-3-medication-prescription-request3"/></reference><name value="100C-3-medication-prescription-request3"/><description value="100C-3. A prescription item (MedicationRequest) that is a part of a three-item-prescription (42-day treatment cycle). Generic. Prednisone 50mgx3 once a day for 4 days in the beginning of cycle."/><isExample value="true"/><profile value="http://hl7.eu/fhir/r5/mpd/StructureDefinition/MedicationRequest-eu-mpd"/><groupingId value="-ex-example"/></resource><resource><extension url="http://hl7.org/fhir/tools/StructureDefinition/resource-sort"><valueInteger value="999999999"/></extension><extension url="http://hl7.org/fhir/StructureDefinition/implementationguide-page"><valueUri value="Bundle-200A-multiitem-prescription-without-orchestration.html"/></extension><reference><reference value="Bundle/200A-multiitem-prescription-without-orchestration"/></reference><name value="200A-multiitem-prescription-without-orchestration"/><description value="200A. Multiitem prescription where items on the same prescription are not interdependent. Kept together by the same groupIdentifier."/><isExample value="true"/><groupingId value="-ex-example"/></resource><resource><extension url="http://hl7.org/fhir/tools/StructureDefinition/resource-sort"><valueInteger value="999999999"/></extension><extension url="http://hl7.org/fhir/StructureDefinition/implementationguide-page"><valueUri value="MedicationRequest-200C-2-medication-prescription-request1.html"/></extension><reference><reference value="MedicationRequest/200C-2-medication-prescription-request1"/></reference><name value="200C-2-medication-prescription-request1"/><description value="200C-1. A prescription item (MedicationRequest) that is a part of a two-item-prescription."/><isExample value="true"/><profile value="http://hl7.eu/fhir/r5/mpd/StructureDefinition/MedicationRequest-eu-mpd"/><groupingId value="-ex-example"/></resource><resource><extension url="http://hl7.org/fhir/tools/StructureDefinition/resource-sort"><valueInteger value="999999999"/></extension><extension url="http://hl7.org/fhir/StructureDefinition/implementationguide-page"><valueUri value="MedicationRequest-200C-2-medication-prescription-request2.html"/></extension><reference><reference value="MedicationRequest/200C-2-medication-prescription-request2"/></reference><name value="200C-2-medication-prescription-request2"/><description value="200C-2. A prescription item (MedicationRequest) that is a part of a two-item-prescription."/><isExample value="true"/><profile value="http://hl7.eu/fhir/r5/mpd/StructureDefinition/MedicationRequest-eu-mpd"/><groupingId value="-ex-example"/></resource><resource><extension url="http://hl7.org/fhir/tools/StructureDefinition/resource-sort"><valueInteger value="999999999"/></extension><extension url="http://hl7.org/fhir/StructureDefinition/implementationguide-page"><valueUri value="Bundle-300A-multiitem-prescription-with-orchestration.html"/></extension><reference><reference value="Bundle/300A-multiitem-prescription-with-orchestration"/></reference><name value="300A-multiitem-prescription-with-orchestration"/><description value="300A. Multiitem prescription with RequestOrchestration. 2 products dispensable as 1 multiitem product."/><isExample value="true"/><groupingId value="-ex-example"/></resource><resource><extension url="http://hl7.org/fhir/tools/StructureDefinition/resource-sort"><valueInteger value="999999999"/></extension><extension url="http://hl7.org/fhir/StructureDefinition/implementationguide-page"><valueUri value="RequestOrchestration-300B-RequestOrchestration.html"/></extension><reference><reference value="RequestOrchestration/300B-RequestOrchestration"/></reference><name value="300B-RequestOrchestration"/><description value="300B. A grouper for the lines of a multiitem prescription."/><isExample value="true"/><groupingId value="-ex-example"/></resource><resource><extension url="http://hl7.org/fhir/tools/StructureDefinition/resource-sort"><valueInteger value="999999999"/></extension><extension url="http://hl7.org/fhir/StructureDefinition/implementationguide-page"><valueUri value="MedicationRequest-300C-2-medication-prescription-request1.html"/></extension><reference><reference value="MedicationRequest/300C-2-medication-prescription-request1"/></reference><name value="300C-2-medication-prescription-request1"/><description value="300C-1. A prescription item (MedicationRequest) that is a part of a two-item-prescription. Clotrimazole pessaries."/><isExample value="true"/><profile value="http://hl7.eu/fhir/r5/mpd/StructureDefinition/MedicationRequest-eu-mpd"/><groupingId value="-ex-example"/></resource><resource><extension url="http://hl7.org/fhir/tools/StructureDefinition/resource-sort"><valueInteger value="999999999"/></extension><extension url="http://hl7.org/fhir/StructureDefinition/implementationguide-page"><valueUri value="MedicationRequest-300C-2-medication-prescription-request2.html"/></extension><reference><reference value="MedicationRequest/300C-2-medication-prescription-request2"/></reference><name value="300C-2-medication-prescription-request2"/><description value="300C-2. A prescription item (MedicationRequest) that is a part of a two-item-prescription. Clotrimazole cream."/><isExample value="true"/><profile value="http://hl7.eu/fhir/r5/mpd/StructureDefinition/MedicationRequest-eu-mpd"/><groupingId value="-ex-example"/></resource><resource><extension url="http://hl7.org/fhir/tools/StructureDefinition/resource-sort"><valueInteger value="999999999"/></extension><extension url="http://hl7.org/fhir/StructureDefinition/implementationguide-page"><valueUri value="MedicationDispense-300D-dispense-for-2-requests.html"/></extension><reference><reference value="MedicationDispense/300D-dispense-for-2-requests"/></reference><name value="300D-dispense-for-2-requests"/><description value="300D. Medication dispense dispensing one combination product for two prescribed products (multiitem prescription)."/><isExample value="true"/><profile value="http://hl7.eu/fhir/r5/mpd/StructureDefinition/MedicationDispense-eu-mpd"/><groupingId value="-ex-example"/></resource><resource><extension url="http://hl7.org/fhir/tools/StructureDefinition/resource-sort"><valueInteger value="999999999"/></extension><extension url="http://hl7.org/fhir/StructureDefinition/implementationguide-page"><valueUri value="MedicationRequest-400C-prescription-cefuroxime-singleline.html"/></extension><reference><reference value="MedicationRequest/400C-prescription-cefuroxime-singleline"/></reference><name value="400C-prescription-cefuroxime-singleline"/><description value="400C. A prescription/request with one medication and changing dosaging. Uses 'actionable' tag. Cefuroxime sodium."/><isExample value="true"/><profile value="http://hl7.eu/fhir/r5/mpd/StructureDefinition/MedicationRequest-eu-mpd"/><groupingId value="-ex-example"/></resource><resource><extension url="http://hl7.org/fhir/tools/StructureDefinition/resource-sort"><valueInteger value="999999999"/></extension><extension url="http://hl7.org/fhir/StructureDefinition/implementationguide-page"><valueUri value="MedicationDispense-400D-dispense-1.html"/></extension><reference><reference value="MedicationDispense/400D-dispense-1"/></reference><name value="400D-dispense-1"/><description value="400D-1. Medication dispense fulfilling the first part of the order: 1 package containing 10 vials"/><isExample value="true"/><profile value="http://hl7.eu/fhir/r5/mpd/StructureDefinition/MedicationDispense-eu-mpd"/><groupingId value="-ex-example"/></resource><resource><extension url="http://hl7.org/fhir/tools/StructureDefinition/resource-sort"><valueInteger value="999999999"/></extension><extension url="http://hl7.org/fhir/StructureDefinition/implementationguide-page"><valueUri value="MedicationDispense-400D-dispense-2.html"/></extension><reference><reference value="MedicationDispense/400D-dispense-2"/></reference><name value="400D-dispense-2"/><description value="400D-2. Medication dispense fulfilling the second part of the order: 3 packages containing 5 vials each"/><isExample value="true"/><profile value="http://hl7.eu/fhir/r5/mpd/StructureDefinition/MedicationDispense-eu-mpd"/><groupingId value="-ex-example"/></resource><resource><extension url="http://hl7.org/fhir/tools/StructureDefinition/resource-sort"><valueInteger value="999999999"/></extension><extension url="http://hl7.org/fhir/StructureDefinition/implementationguide-page"><valueUri value="MedicationDispense-400E-refused-dispense.html"/></extension><reference><reference value="MedicationDispense/400E-refused-dispense"/></reference><name value="400E-refused-dispense"/><description value="400E. Refusal of medication dispense"/><isExample value="true"/><profile value="http://hl7.eu/fhir/r5/mpd/StructureDefinition/MedicationDispense-eu-mpd"/><groupingId value="-ex-example"/></resource><resource><extension url="http://hl7.org/fhir/tools/StructureDefinition/resource-sort"><valueInteger value="999999999"/></extension><extension url="http://hl7.org/fhir/StructureDefinition/implementationguide-page"><valueUri value="PractitionerRole-doctor1.html"/></extension><reference><reference value="PractitionerRole/doctor1"/></reference><name value="doctor1"/><description value="Dr Meryl Ärztin - clinical oncologist. PractitionerRole resource (practitioner working in a specific organisation)."/><isExample value="true"/><groupingId value="-ex-example"/></resource><resource><extension url="http://hl7.org/fhir/tools/StructureDefinition/resource-sort"><valueInteger value="999999999"/></extension><extension url="http://hl7.org/fhir/StructureDefinition/implementationguide-page"><valueUri value="Organization-organization1.html"/></extension><reference><reference value="Organization/organization1"/></reference><name value="organization1"/><description value="An organization: clinic. Organization resource."/><isExample value="true"/><groupingId value="-ex-example"/></resource><resource><extension url="http://hl7.org/fhir/tools/StructureDefinition/resource-sort"><valueInteger value="999999999"/></extension><extension url="http://hl7.org/fhir/StructureDefinition/implementationguide-page"><valueUri value="Organization-organization2.html"/></extension><reference><reference value="Organization/organization2"/></reference><name value="organization2"/><description value="An organization: pharmacy. Organization resource."/><isExample value="true"/><groupingId value="-ex-example"/></resource><resource><extension url="http://hl7.org/fhir/tools/StructureDefinition/resource-sort"><valueInteger value="999999999"/></extension><extension url="http://hl7.org/fhir/StructureDefinition/implementationguide-page"><valueUri value="Patient-patient1.html"/></extension><reference><reference value="Patient/patient1"/></reference><name value="patient1"/><description value="A patient: Thomas, born 1950. Patient resource."/><isExample value="true"/><groupingId value="-ex-example"/></resource><resource><extension url="http://hl7.org/fhir/tools/StructureDefinition/resource-sort"><valueInteger value="999999999"/></extension><extension url="http://hl7.org/fhir/StructureDefinition/implementationguide-page"><valueUri value="Patient-patient2.html"/></extension><reference><reference value="Patient/patient2"/></reference><name value="patient2"/><description value="A patient: Emily, born 1990. Patient resource."/><isExample value="true"/><groupingId value="-ex-example"/></resource><resource><extension url="http://hl7.org/fhir/tools/StructureDefinition/resource-sort"><valueInteger value="999999999"/></extension><extension url="http://hl7.org/fhir/StructureDefinition/implementationguide-page"><valueUri value="PractitionerRole-pharmacist1.html"/></extension><reference><reference value="PractitionerRole/pharmacist1"/></reference><name value="pharmacist1"/><description value="Mr Moon Farmatseut - pharmacist. PractitionerRole resource (practitioner working in a specific organisation)."/><isExample value="true"/><groupingId value="-ex-example"/></resource><resource><extension url="http://hl7.org/fhir/tools/StructureDefinition/resource-sort"><valueInteger value="999999999"/></extension><extension url="http://hl7.org/fhir/StructureDefinition/implementationguide-page"><valueUri value="Practitioner-practitioner1.html"/></extension><reference><reference value="Practitioner/practitioner1"/></reference><name value="practitioner1"/><description value="Dr Meryl Ärztin. Practitioner resource (not related to a specific organisation)."/><isExample value="true"/><groupingId value="-ex-example"/></resource><resource><extension url="http://hl7.org/fhir/tools/StructureDefinition/resource-sort"><valueInteger value="999999999"/></extension><extension url="http://hl7.org/fhir/StructureDefinition/implementationguide-page"><valueUri value="Practitioner-practitioner2.html"/></extension><reference><reference value="Practitioner/practitioner2"/></reference><name value="practitioner2"/><description value="Mr Moon Farmatseut. Practitioner resource (not related to a specific organisation)."/><isExample value="true"/><groupingId value="-ex-example"/></resource><page><sourceUrl value="toc.html"/><name value="toc.html"/><title value="Table of Contents"/><generation value="html"/><page><sourceUrl value="index.html"/><name value="index.html"/><title value="Home"/><generation value="markdown"/></page><page><sourceUrl value="authors.html"/><name value="authors.html"/><title value="Authors and Contributors"/><generation value="markdown"/></page><page><sourceUrl value="background.html"/><name value="background.html"/><title value="Background"/><generation value="markdown"/></page><page><sourceUrl value="challenges.html"/><name value="challenges.html"/><title value="Challenges"/><generation value="markdown"/></page><page><sourceUrl value="copyright.html"/><name value="copyright.html"/><title value="Copyright"/><generation value="markdown"/></page><page><sourceUrl value="crossversionanalysis.html"/><name value="crossversionanalysis.html"/><title value="Cross-version Analysis"/><generation value="markdown"/></page><page><sourceUrl value="downloads.html"/><name value="downloads.html"/><title value="Downloads"/><generation value="markdown"/></page><page><sourceUrl value="dependencies.html"/><name value="dependencies.html"/><title value="Dependencies"/><generation value="markdown"/></page><page><sourceUrl value="designchoices.html"/><name value="designchoices.html"/><title value="Design Choices"/><generation value="markdown"/></page><page><sourceUrl value="examples.html"/><name value="examples.html"/><title value="Examples"/><generation value="markdown"/></page><page><sourceUrl value="implementationnotes.html"/><name value="implementationnotes.html"/><title value="Implementation Considerations"/><generation value="markdown"/></page><page><sourceUrl value="knownissues.html"/><name value="knownissues.html"/><title value="Known Issues"/><generation value="markdown"/></page><page><sourceUrl value="logicalmodels.html"/><name value="logicalmodels.html"/><title value="Logical Models"/><generation value="markdown"/></page><page><sourceUrl value="medicationconcepts.html"/><name value="medicationconcepts.html"/><title value="Medication Concepts"/><generation value="markdown"/></page><page><sourceUrl value="profiles.html"/><name value="profiles.html"/><title value="Mapping to Profiles"/><generation value="markdown"/></page><page><sourceUrl value="references.html"/><name value="references.html"/><title value="Source and Additional Information"/><generation value="markdown"/></page><page><sourceUrl value="scope.html"/><name value="scope.html"/><title value="Scope and Content"/><generation value="markdown"/></page><page><sourceUrl value="terminology.html"/><name value="terminology.html"/><title value="Terminology Considerations"/><generation value="markdown"/></page><page><sourceUrl value="usecases.html"/><name value="usecases.html"/><title value="Use Cases"/><generation value="markdown"/></page><page><sourceUrl value="artifacts.html"/><name value="artifacts.html"/><title value="Artifacts Summary"/><generation value="html"/><page><sourceUrl value="StructureDefinition-Prescription.html"/><name value="StructureDefinition-Prescription.html"/><title value="A - Prescription"/><generation value="generated"/></page><page><sourceUrl value="StructureDefinition-Subject.html"/><name value="StructureDefinition-Subject.html"/><title value="A.1.1 Patient administrative data"/><generation value="generated"/></page><page><sourceUrl value="StructureDefinition-MedicinalProduct.html"/><name value="StructureDefinition-MedicinalProduct.html"/><title value="A1.4 Identification of the prescribed product"/><generation value="generated"/></page><page><sourceUrl value="StructureDefinition-Dispensation.html"/><name value="StructureDefinition-Dispensation.html"/><title value="B.1 Dispensation information (provided by the dispensing pharmacy)"/><generation value="generated"/></page><page><sourceUrl value="StructureDefinition-Medication-eu-mpd.html"/><name value="StructureDefinition-Medication-eu-mpd.html"/><title value="Medication: MPD"/><generation value="generated"/></page><page><sourceUrl value="StructureDefinition-MedicationDispense-eu-mpd.html"/><name value="StructureDefinition-MedicationDispense-eu-mpd.html"/><title value="MedicationDispense: MPD"/><generation value="generated"/></page><page><sourceUrl value="StructureDefinition-MedicationRequest-eu-mpd.html"/><name value="StructureDefinition-MedicationRequest-eu-mpd.html"/><title value="MedicationRequest: MPD"/><generation value="generated"/></page><page><sourceUrl value="ConceptMap-eD2FHIR-eu-mpd.html"/><name value="ConceptMap-eD2FHIR-eu-mpd.html"/><title value="eHN eDispense to this guide Map"/><generation value="generated"/></page><page><sourceUrl value="ConceptMap-medProd2FHIR-eu-mpd.html"/><name value="ConceptMap-medProd2FHIR-eu-mpd.html"/><title value="eHN Medicinal Product to this guide Map"/><generation value="generated"/></page><page><sourceUrl value="ConceptMap-eP2FHIR-eu-mpd.html"/><name value="ConceptMap-eP2FHIR-eu-mpd.html"/><title value="eHN ePrescription to this guide Map"/><generation value="generated"/></page><page><sourceUrl value="Medication-01A-Cefuroxime1500GenericExplicit.html"/><name value="Medication-01A-Cefuroxime1500GenericExplicit.html"/><title value="01A-Cefuroxime1500GenericExplicit"/><generation value="generated"/></page><page><sourceUrl value="Medication-01B-Cefuroxime1500GenericConcept.html"/><name value="Medication-01B-Cefuroxime1500GenericConcept.html"/><title value="01B-Cefuroxime1500GenericConcept"/><generation value="generated"/></page><page><sourceUrl value="Medication-01C-Cefuroxime1500Branded.html"/><name value="Medication-01C-Cefuroxime1500Branded.html"/><title value="01C-Cefuroxime1500Branded"/><generation value="generated"/></page><page><sourceUrl value="Medication-01D-Cefuroxime750Branded.html"/><name value="Medication-01D-Cefuroxime750Branded.html"/><title value="01D-Cefuroxime750Branded"/><generation value="generated"/></page><page><sourceUrl value="Medication-02A-ClotrimazoleCanifugCremolum.html"/><name value="Medication-02A-ClotrimazoleCanifugCremolum.html"/><title value="02A-ClotrimazoleCanifugCremolum"/><generation value="generated"/></page><page><sourceUrl value="Medication-02A1-CanifugCremolumCreamItem.html"/><name value="Medication-02A1-CanifugCremolumCreamItem.html"/><title value="02A1-CanifugCremolumCreamItem"/><generation value="generated"/></page><page><sourceUrl value="Medication-02A2-CanifugCremolumPessaryItem.html"/><name value="Medication-02A2-CanifugCremolumPessaryItem.html"/><title value="02A2-CanifugCremolumPessaryItem"/><generation value="generated"/></page><page><sourceUrl value="Medication-03B-VitaminBComplexBranded.html"/><name value="Medication-03B-VitaminBComplexBranded.html"/><title value="03B-VitaminBComplexBranded"/><generation value="generated"/></page><page><sourceUrl value="Medication-04A-FirmagonBranded.html"/><name value="Medication-04A-FirmagonBranded.html"/><title value="04A-FirmagonBranded"/><generation value="generated"/></page><page><sourceUrl value="Medication-05A-Tilidin-Branded.html"/><name value="Medication-05A-Tilidin-Branded.html"/><title value="05A-Tilidin-Branded"/><generation value="generated"/></page><page><sourceUrl value="Bundle-100A-multiitem-prescription-with-orchestration.html"/><name value="Bundle-100A-multiitem-prescription-with-orchestration.html"/><title value="100A-multiitem-prescription-with-orchestration"/><generation value="generated"/></page><page><sourceUrl value="RequestOrchestration-100B-RequestOrchestration.html"/><name value="RequestOrchestration-100B-RequestOrchestration.html"/><title value="100B-RequestOrchestration"/><generation value="generated"/></page><page><sourceUrl value="MedicationRequest-100C-3-medication-prescription-request1.html"/><name value="MedicationRequest-100C-3-medication-prescription-request1.html"/><title value="100C-3-medication-prescription-request1"/><generation value="generated"/></page><page><sourceUrl value="MedicationRequest-100C-3-medication-prescription-request2.html"/><name value="MedicationRequest-100C-3-medication-prescription-request2.html"/><title value="100C-3-medication-prescription-request2"/><generation value="generated"/></page><page><sourceUrl value="MedicationRequest-100C-3-medication-prescription-request3.html"/><name value="MedicationRequest-100C-3-medication-prescription-request3.html"/><title value="100C-3-medication-prescription-request3"/><generation value="generated"/></page><page><sourceUrl value="Bundle-200A-multiitem-prescription-without-orchestration.html"/><name value="Bundle-200A-multiitem-prescription-without-orchestration.html"/><title value="200A-multiitem-prescription-without-orchestration"/><generation value="generated"/></page><page><sourceUrl value="MedicationRequest-200C-2-medication-prescription-request1.html"/><name value="MedicationRequest-200C-2-medication-prescription-request1.html"/><title value="200C-2-medication-prescription-request1"/><generation value="generated"/></page><page><sourceUrl value="MedicationRequest-200C-2-medication-prescription-request2.html"/><name value="MedicationRequest-200C-2-medication-prescription-request2.html"/><title value="200C-2-medication-prescription-request2"/><generation value="generated"/></page><page><sourceUrl value="Bundle-300A-multiitem-prescription-with-orchestration.html"/><name value="Bundle-300A-multiitem-prescription-with-orchestration.html"/><title value="300A-multiitem-prescription-with-orchestration"/><generation value="generated"/></page><page><sourceUrl value="RequestOrchestration-300B-RequestOrchestration.html"/><name value="RequestOrchestration-300B-RequestOrchestration.html"/><title value="300B-RequestOrchestration"/><generation value="generated"/></page><page><sourceUrl value="MedicationRequest-300C-2-medication-prescription-request1.html"/><name value="MedicationRequest-300C-2-medication-prescription-request1.html"/><title value="300C-2-medication-prescription-request1"/><generation value="generated"/></page><page><sourceUrl value="MedicationRequest-300C-2-medication-prescription-request2.html"/><name value="MedicationRequest-300C-2-medication-prescription-request2.html"/><title value="300C-2-medication-prescription-request2"/><generation value="generated"/></page><page><sourceUrl value="MedicationDispense-300D-dispense-for-2-requests.html"/><name value="MedicationDispense-300D-dispense-for-2-requests.html"/><title value="300D-dispense-for-2-requests"/><generation value="generated"/></page><page><sourceUrl value="MedicationRequest-400C-prescription-cefuroxime-singleline.html"/><name value="MedicationRequest-400C-prescription-cefuroxime-singleline.html"/><title value="400C-prescription-cefuroxime-singleline"/><generation value="generated"/></page><page><sourceUrl value="MedicationDispense-400D-dispense-1.html"/><name value="MedicationDispense-400D-dispense-1.html"/><title value="400D-dispense-1"/><generation value="generated"/></page><page><sourceUrl value="MedicationDispense-400D-dispense-2.html"/><name value="MedicationDispense-400D-dispense-2.html"/><title value="400D-dispense-2"/><generation value="generated"/></page><page><sourceUrl value="MedicationDispense-400E-refused-dispense.html"/><name value="MedicationDispense-400E-refused-dispense.html"/><title value="400E-refused-dispense"/><generation value="generated"/></page><page><sourceUrl value="PractitionerRole-doctor1.html"/><name value="PractitionerRole-doctor1.html"/><title value="doctor1"/><generation value="generated"/></page><page><sourceUrl value="Organization-organization1.html"/><name value="Organization-organization1.html"/><title value="organization1"/><generation value="generated"/></page><page><sourceUrl value="Organization-organization2.html"/><name value="Organization-organization2.html"/><title value="organization2"/><generation value="generated"/></page><page><sourceUrl value="Patient-patient1.html"/><name value="Patient-patient1.html"/><title value="patient1"/><generation value="generated"/></page><page><sourceUrl value="Patient-patient2.html"/><name value="Patient-patient2.html"/><title value="patient2"/><generation value="generated"/></page><page><sourceUrl value="PractitionerRole-pharmacist1.html"/><name value="PractitionerRole-pharmacist1.html"/><title value="pharmacist1"/><generation value="generated"/></page><page><sourceUrl value="Practitioner-practitioner1.html"/><name value="Practitioner-practitioner1.html"/><title value="practitioner1"/><generation value="generated"/></page><page><sourceUrl value="Practitioner-practitioner2.html"/><name value="Practitioner-practitioner2.html"/><title value="practitioner2"/><generation value="generated"/></page></page></page><parameter><code><system value="http://hl7.org/fhir/tools/CodeSystem/ig-parameters"/><code value="copyrightyear"/></code><value value="2023+"/></parameter><parameter><code><system value="http://hl7.org/fhir/tools/CodeSystem/ig-parameters"/><code value="releaselabel"/></code><value value="ci-build"/></parameter><parameter><code><system value="http://hl7.org/fhir/tools/CodeSystem/ig-parameters"/><code value="special-url"/></code><value value="http://hl7.eu/fhir/StructureDefinition/package-type"/></parameter><parameter><code><system value="http://hl7.org/fhir/tools/CodeSystem/ig-parameters"/><code value="autoload-resources"/></code><value value="true"/></parameter><parameter><code><system value="http://hl7.org/fhir/guide-parameter-code"/><code value="path-resource"/></code><value value="input/capabilities"/></parameter><parameter><code><system value="http://hl7.org/fhir/guide-parameter-code"/><code value="path-resource"/></code><value value="input/examples"/></parameter><parameter><code><system value="http://hl7.org/fhir/guide-parameter-code"/><code value="path-resource"/></code><value value="input/extensions"/></parameter><parameter><code><system value="http://hl7.org/fhir/guide-parameter-code"/><code value="path-resource"/></code><value value="input/models"/></parameter><parameter><code><system value="http://hl7.org/fhir/guide-parameter-code"/><code value="path-resource"/></code><value value="input/operations"/></parameter><parameter><code><system value="http://hl7.org/fhir/guide-parameter-code"/><code value="path-resource"/></code><value value="input/profiles"/></parameter><parameter><code><system value="http://hl7.org/fhir/guide-parameter-code"/><code value="path-resource"/></code><value value="input/resources"/></parameter><parameter><code><system value="http://hl7.org/fhir/guide-parameter-code"/><code value="path-resource"/></code><value value="input/vocabulary"/></parameter><parameter><code><system value="http://hl7.org/fhir/guide-parameter-code"/><code value="path-resource"/></code><value value="input/maps"/></parameter><parameter><code><system value="http://hl7.org/fhir/guide-parameter-code"/><code value="path-resource"/></code><value value="input/testing"/></parameter><parameter><code><system value="http://hl7.org/fhir/guide-parameter-code"/><code value="path-resource"/></code><value value="input/history"/></parameter><parameter><code><system value="http://hl7.org/fhir/guide-parameter-code"/><code value="path-resource"/></code><value value="fsh-generated/resources"/></parameter><parameter><code><system value="http://hl7.org/fhir/guide-parameter-code"/><code value="path-pages"/></code><value value="template/config"/></parameter><parameter><code><system value="http://hl7.org/fhir/guide-parameter-code"/><code value="path-pages"/></code><value value="input/images"/></parameter><parameter><code><system value="http://hl7.org/fhir/tools/CodeSystem/ig-parameters"/><code value="path-liquid"/></code><value value="template/liquid"/></parameter><parameter><code><system value="http://hl7.org/fhir/tools/CodeSystem/ig-parameters"/><code value="path-liquid"/></code><value value="input/liquid"/></parameter><parameter><code><system value="http://hl7.org/fhir/tools/CodeSystem/ig-parameters"/><code value="path-qa"/></code><value value="temp/qa"/></parameter><parameter><code><system value="http://hl7.org/fhir/tools/CodeSystem/ig-parameters"/><code value="path-temp"/></code><value value="temp/pages"/></parameter><parameter><code><system value="http://hl7.org/fhir/tools/CodeSystem/ig-parameters"/><code value="path-output"/></code><value value="output"/></parameter><parameter><code><system value="http://hl7.org/fhir/guide-parameter-code"/><code value="path-tx-cache"/></code><value value="input-cache/txcache"/></parameter><parameter><code><system value="http://hl7.org/fhir/tools/CodeSystem/ig-parameters"/><code value="path-suppressed-warnings"/></code><value value="input/ignoreWarnings.txt"/></parameter><parameter><code><system value="http://hl7.org/fhir/tools/CodeSystem/ig-parameters"/><code value="path-history"/></code><value value="http://hl7.eu/fhir/r5/mpd/history.html"/></parameter><parameter><code><system value="http://hl7.org/fhir/tools/CodeSystem/ig-parameters"/><code value="template-html"/></code><value value="template-page.html"/></parameter><parameter><code><system value="http://hl7.org/fhir/tools/CodeSystem/ig-parameters"/><code value="template-md"/></code><value value="template-page-md.html"/></parameter><parameter><code><system value="http://hl7.org/fhir/tools/CodeSystem/ig-parameters"/><code value="apply-contact"/></code><value value="true"/></parameter><parameter><code><system value="http://hl7.org/fhir/tools/CodeSystem/ig-parameters"/><code value="apply-context"/></code><value value="true"/></parameter><parameter><code><system value="http://hl7.org/fhir/tools/CodeSystem/ig-parameters"/><code value="apply-copyright"/></code><value value="true"/></parameter><parameter><code><system value="http://hl7.org/fhir/tools/CodeSystem/ig-parameters"/><code value="apply-jurisdiction"/></code><value value="true"/></parameter><parameter><code><system value="http://hl7.org/fhir/tools/CodeSystem/ig-parameters"/><code value="apply-license"/></code><value value="true"/></parameter><parameter><code><system value="http://hl7.org/fhir/tools/CodeSystem/ig-parameters"/><code value="apply-publisher"/></code><value value="true"/></parameter><parameter><code><system value="http://hl7.org/fhir/tools/CodeSystem/ig-parameters"/><code value="apply-version"/></code><value value="true"/></parameter><parameter><code><system value="http://hl7.org/fhir/tools/CodeSystem/ig-parameters"/><code value="apply-wg"/></code><value value="true"/></parameter><parameter><code><system value="http://hl7.org/fhir/tools/CodeSystem/ig-parameters"/><code value="active-tables"/></code><value value="true"/></parameter><parameter><code><system value="http://hl7.org/fhir/tools/CodeSystem/ig-parameters"/><code value="fmm-definition"/></code><value value="http://hl7.org/fhir/versions.html#maturity"/></parameter><parameter><code><system value="http://hl7.org/fhir/tools/CodeSystem/ig-parameters"/><code value="propagate-status"/></code><value value="true"/></parameter><parameter><code><system value="http://hl7.org/fhir/tools/CodeSystem/ig-parameters"/><code value="excludelogbinaryformat"/></code><value value="true"/></parameter><parameter><code><system value="http://hl7.org/fhir/tools/CodeSystem/ig-parameters"/><code value="tabbed-snapshots"/></code><value value="true"/></parameter></definition></ImplementationGuide>