{"resourceType":"ImplementationGuide","id":"hl7.fhir.eu.r5.mpd","text":{"status":"generated","div":"<div xmlns=\"http://www.w3.org/1999/xhtml\"><p class=\"res-header-id\"><b>Generated Narrative: ImplementationGuide hl7.fhir.eu.r5.mpd</b></p><a name=\"hl7.fhir.eu.r5.mpd\"> </a><a name=\"hchl7.fhir.eu.r5.mpd\"> </a><a name=\"hl7.fhir.eu.r5.mpd-en-US\"> </a><h2>Hl7EuMedPrescriptionDispenseIg</h2><p>The official URL for this implementation guide is: </p><pre>http://hl7.eu/fhir/r5/mpd/ImplementationGuide/hl7.fhir.eu.r5.mpd</pre><div><p>This guide describes how to represent in HL7 FHIR Prescription and Dispense in the European context</p>\n</div></div>"},"url":"http://hl7.eu/fhir/r5/mpd/ImplementationGuide/hl7.fhir.eu.r5.mpd","version":"0.1.0","name":"Hl7EuMedPrescriptionDispenseIg","title":"HL7 Europe Medication Prescription and Dispense","status":"draft","date":"2025-04-06T09:27:57+00:00","publisher":"HL7 Europe","contact":[{"name":"HL7 Europe","telecom":[{"system":"url","value":"http://hl7.eu"}]}],"description":"This guide describes how to represent in HL7 FHIR Prescription and Dispense in the European context","jurisdiction":[{"coding":[{"system":"http://unstats.un.org/unsd/methods/m49/m49.htm","code":"150","display":"Europe"}]}],"copyright":"Used by permission of HL7 Europe, all rights reserved Creative Commons License","packageId":"hl7.fhir.eu.r5.mpd","license":"CC0-1.0","fhirVersion":["5.0.0"],"dependsOn":[{"id":"hl7tx","extension":[{"url":"http://hl7.org/fhir/tools/StructureDefinition/implementationguide-dependency-comment","valueMarkdown":"Automatically added as a dependency - all IGs depend on HL7 Terminology"}],"uri":"http://terminology.hl7.org/ImplementationGuide/hl7.terminology","packageId":"hl7.terminology.r5","version":"6.2.0"},{"id":"hl7ext","extension":[{"url":"http://hl7.org/fhir/tools/StructureDefinition/implementationguide-dependency-comment","valueMarkdown":"Automatically added as a dependency - all IGs depend on the HL7 Extension Pack"}],"uri":"http://hl7.org/fhir/extensions/ImplementationGuide/hl7.fhir.uv.extensions","packageId":"hl7.fhir.uv.extensions.r5","version":"5.2.0"},{"id":"ihe_pharm_mpd","uri":"http://profiles.ihe.net/PHARM/MPD/ImplementationGuide/ihe.pharm.mpd","packageId":"ihe.pharm.mpd","version":"current"},{"id":"hl7_fhir_eu_base_r5","uri":"http://hl7.eu/fhir/base/ImplementationGuide/hl7.fhir.eu.base.r5","packageId":"hl7.fhir.eu.base.r5","version":"dev"},{"id":"hl7_fhir_eu_extensions_r5","uri":"http://hl7.eu/fhir/extensions/ImplementationGuide/hl7.fhir.eu.extensions.r5","packageId":"hl7.fhir.eu.extensions.r5","version":"current"}],"definition":{"extension":[{"url":"http://hl7.org/fhir/tools/StructureDefinition/ig-internal-dependency","valueCode":"hl7.fhir.uv.tools.r5#0.4.1"}],"grouping":[{"id":"eHNGuidelines","name":"Data Sets from eHN Guidelines","description":"eHealth Network Guidelines data sets represented as FHIR logical models. Please note, that eHN data sets do not have explicit information about cardinality and data types. New, fully machine-readable logical information models are being created in Xt-EHR project. See more information about new EHDS logical models work on [Logical Models page](logicalmodels.html)."},{"id":"FHIRProfiles","name":"FHIR Profiles","description":"Profiles for ePrescription and eDispensation use case. Note that there is no single profile for ePrescription, but only for MedicationRequest, which translates to a single line on a prescription (read more in [Implementation Notes](implementationnotes.html)). Profiles for Patient, PractitionerRole, and Organization are published in HL7 Europe Base IG. All profiles are based on [EHDS logical information models](logicalmodels.html) that are being developed by Xt-EHR project."},{"id":"ModelMaps","name":"Mappings from eHN Data Sets","description":"These concept maps represent a high-level mapping from eHN guidelines data sets and FHIR profiles in this IG. Please note that mappings from EHDS logical models are provided on [Logical models page](logicalmodels.html)."},{"id":"-map-conceptmap","name":"Terminology: Concept Maps","description":"These define transformations to convert between codes by systems conforming with this implementation guide."},{"id":"-ex-example","name":"Example: Example Instances","description":"These are example instances that show what data produced and consumed by systems conforming with this implementation guide might look like."}],"resource":[{"extension":[{"url":"http://hl7.org/fhir/tools/StructureDefinition/resource-sort","valueInteger":999999999},{"url":"http://hl7.org/fhir/StructureDefinition/implementationguide-page","valueUri":"StructureDefinition-Prescription.html"}],"reference":{"reference":"StructureDefinition/Prescription"},"name":"A - Prescription","description":"Prescription. Several Sections of the eHN guideline.","isExample":false,"groupingId":"eHNGuidelines"},{"extension":[{"url":"http://hl7.org/fhir/tools/StructureDefinition/resource-sort","valueInteger":999999999},{"url":"http://hl7.org/fhir/StructureDefinition/implementationguide-page","valueUri":"StructureDefinition-Subject.html"}],"reference":{"reference":"StructureDefinition/Subject"},"name":"A.1.1 Patient administrative data","description":"Patient. Sections A1.1 of the eHN guideline.","isExample":false,"groupingId":"eHNGuidelines"},{"extension":[{"url":"http://hl7.org/fhir/tools/StructureDefinition/resource-sort","valueInteger":999999999},{"url":"http://hl7.org/fhir/StructureDefinition/implementationguide-page","valueUri":"StructureDefinition-MedicinalProduct.html"}],"reference":{"reference":"StructureDefinition/MedicinalProduct"},"name":"A1.4 Identification of the prescribed product","description":"Identification of the prescribed product. Section A1.4 of the eHN guideline","isExample":false,"groupingId":"eHNGuidelines"},{"extension":[{"url":"http://hl7.org/fhir/tools/StructureDefinition/resource-sort","valueInteger":999999999},{"url":"http://hl7.org/fhir/StructureDefinition/implementationguide-page","valueUri":"StructureDefinition-Dispensation.html"}],"reference":{"reference":"StructureDefinition/Dispensation"},"name":"B.1 Dispensation information (provided by the dispensing pharmacy)","description":"Dispensation information (provided by the dispensing pharmacy). Section B1 of the guidelines","isExample":false,"groupingId":"eHNGuidelines"},{"extension":[{"url":"http://hl7.org/fhir/tools/StructureDefinition/resource-sort","valueInteger":999999999},{"url":"http://hl7.org/fhir/StructureDefinition/implementationguide-page","valueUri":"StructureDefinition-Medication-eu-mpd.html"}],"reference":{"reference":"StructureDefinition/Medication-eu-mpd"},"name":"Medication: MPD","description":"This profile defines how to represent Medication data on ePrescription and eDispensation","isExample":false,"groupingId":"FHIRProfiles"},{"extension":[{"url":"http://hl7.org/fhir/tools/StructureDefinition/resource-sort","valueInteger":999999999},{"url":"http://hl7.org/fhir/StructureDefinition/implementationguide-page","valueUri":"StructureDefinition-MedicationDispense-eu-mpd.html"}],"reference":{"reference":"StructureDefinition/MedicationDispense-eu-mpd"},"name":"MedicationDispense: MPD","description":"MedicationDispense profile for capturing dispensation information based on a medication prescription.","isExample":false,"groupingId":"FHIRProfiles"},{"extension":[{"url":"http://hl7.org/fhir/tools/StructureDefinition/resource-sort","valueInteger":999999999},{"url":"http://hl7.org/fhir/StructureDefinition/implementationguide-page","valueUri":"StructureDefinition-MedicationRequest-eu-mpd.html"}],"reference":{"reference":"StructureDefinition/MedicationRequest-eu-mpd"},"name":"MedicationRequest: MPD","description":"This profile defines how to represent ePrescription or other medication request.","isExample":false,"groupingId":"FHIRProfiles"},{"extension":[{"url":"http://hl7.org/fhir/tools/StructureDefinition/resource-sort","valueInteger":999999999},{"url":"http://hl7.org/fhir/StructureDefinition/implementationguide-page","valueUri":"ConceptMap-eD2FHIR-eu-mpd.html"}],"reference":{"reference":"ConceptMap/eD2FHIR-eu-mpd"},"name":"eHN eDispense to this guide Map","description":"eHN eDispensation Model to this guide Map","isExample":false,"groupingId":"ModelMaps"},{"extension":[{"url":"http://hl7.org/fhir/tools/StructureDefinition/resource-sort","valueInteger":999999999},{"url":"http://hl7.org/fhir/StructureDefinition/implementationguide-page","valueUri":"ConceptMap-medProd2FHIR-eu-mpd.html"}],"reference":{"reference":"ConceptMap/medProd2FHIR-eu-mpd"},"name":"eHN Medicinal Product to this guide Map","description":"eHN Medicinal Product Model to this guide Map","isExample":false,"groupingId":"ModelMaps"},{"extension":[{"url":"http://hl7.org/fhir/tools/StructureDefinition/resource-sort","valueInteger":999999999},{"url":"http://hl7.org/fhir/StructureDefinition/implementationguide-page","valueUri":"ConceptMap-eP2FHIR-eu-mpd.html"}],"reference":{"reference":"ConceptMap/eP2FHIR-eu-mpd"},"name":"eHN ePrescription to this guide Map","description":"eHN ePrescription Model to this guide Map","isExample":false,"groupingId":"-map-conceptmap"},{"extension":[{"url":"http://hl7.org/fhir/tools/StructureDefinition/resource-sort","valueInteger":999999999},{"url":"http://hl7.org/fhir/StructureDefinition/implementationguide-page","valueUri":"Medication-01A-Cefuroxime1500GenericExplicit.html"}],"reference":{"reference":"Medication/01A-Cefuroxime1500GenericExplicit"},"name":"01A-Cefuroxime1500GenericExplicit","description":"1A. Cefuroxime 1500mg (1.5g) powder for solution in a vial. Generic product, defined by attributes.","isExample":true,"profile":["http://hl7.eu/fhir/r5/mpd/StructureDefinition/Medication-eu-mpd"],"groupingId":"-ex-example"},{"extension":[{"url":"http://hl7.org/fhir/tools/StructureDefinition/resource-sort","valueInteger":999999999},{"url":"http://hl7.org/fhir/StructureDefinition/implementationguide-page","valueUri":"Medication-01B-Cefuroxime1500GenericConcept.html"}],"reference":{"reference":"Medication/01B-Cefuroxime1500GenericConcept"},"name":"01B-Cefuroxime1500GenericConcept","description":"1B. Cefuroxime 1500mg (1.5g) powder for solution in a vial. Generic product, defined by a code system (receiving system is expected to have access to the code system for additional attributes or display names).","isExample":true,"profile":["http://hl7.eu/fhir/r5/mpd/StructureDefinition/Medication-eu-mpd"],"groupingId":"-ex-example"},{"extension":[{"url":"http://hl7.org/fhir/tools/StructureDefinition/resource-sort","valueInteger":999999999},{"url":"http://hl7.org/fhir/StructureDefinition/implementationguide-page","valueUri":"Medication-01C-Cefuroxime1500Branded.html"}],"reference":{"reference":"Medication/01C-Cefuroxime1500Branded"},"name":"01C-Cefuroxime1500Branded","description":"1C. Cefuroxime 1500mg (1.5g) powder for solution in a vial. Branded packaged product, defined by attributes.","isExample":true,"profile":["http://hl7.eu/fhir/r5/mpd/StructureDefinition/Medication-eu-mpd"],"groupingId":"-ex-example"},{"extension":[{"url":"http://hl7.org/fhir/tools/StructureDefinition/resource-sort","valueInteger":999999999},{"url":"http://hl7.org/fhir/StructureDefinition/implementationguide-page","valueUri":"Medication-01D-Cefuroxime750Branded.html"}],"reference":{"reference":"Medication/01D-Cefuroxime750Branded"},"name":"01D-Cefuroxime750Branded","description":"1D. Cefuroxime 750mg powder for solution in a vial (5 vials per package). Branded packaged product, defined by attributes.","isExample":true,"profile":["http://hl7.eu/fhir/r5/mpd/StructureDefinition/Medication-eu-mpd"],"groupingId":"-ex-example"},{"extension":[{"url":"http://hl7.org/fhir/tools/StructureDefinition/resource-sort","valueInteger":999999999},{"url":"http://hl7.org/fhir/StructureDefinition/implementationguide-page","valueUri":"Medication-02A-ClotrimazoleCanifugCremolum.html"}],"reference":{"reference":"Medication/02A-ClotrimazoleCanifugCremolum"},"name":"02A-ClotrimazoleCanifugCremolum","description":"2A. Clotrimazole cream 10mg/g and 6 pessaries 100g. Branded packaged product, consisting of different medication items. Defined by attributes.","isExample":true,"profile":["http://hl7.eu/fhir/r5/mpd/StructureDefinition/Medication-eu-mpd"],"groupingId":"-ex-example"},{"extension":[{"url":"http://hl7.org/fhir/tools/StructureDefinition/resource-sort","valueInteger":999999999},{"url":"http://hl7.org/fhir/StructureDefinition/implementationguide-page","valueUri":"Medication-02A1-CanifugCremolumCreamItem.html"}],"reference":{"reference":"Medication/02A1-CanifugCremolumCreamItem"},"name":"02A1-CanifugCremolumCreamItem","description":"2A1. Clotrimazole cream (10mg/g, 1 tube of 20g) as part of Canifug Cremolum product (ISO IDMP manufactured item)","isExample":true,"profile":["http://hl7.eu/fhir/r5/mpd/StructureDefinition/Medication-eu-mpd"],"groupingId":"-ex-example"},{"extension":[{"url":"http://hl7.org/fhir/tools/StructureDefinition/resource-sort","valueInteger":999999999},{"url":"http://hl7.org/fhir/StructureDefinition/implementationguide-page","valueUri":"Medication-02A2-CanifugCremolumPessaryItem.html"}],"reference":{"reference":"Medication/02A2-CanifugCremolumPessaryItem"},"name":"02A2-CanifugCremolumPessaryItem","description":"2A2. Clotrimazole pessary (6 pessaries of 100mg) as part of Canifug Cremolum product (ISO IDMP manufactured item)","isExample":true,"profile":["http://hl7.eu/fhir/r5/mpd/StructureDefinition/Medication-eu-mpd"],"groupingId":"-ex-example"},{"extension":[{"url":"http://hl7.org/fhir/tools/StructureDefinition/resource-sort","valueInteger":999999999},{"url":"http://hl7.org/fhir/StructureDefinition/implementationguide-page","valueUri":"Medication-03B-VitaminBComplexBranded.html"}],"reference":{"reference":"Medication/03B-VitaminBComplexBranded"},"name":"03B-VitaminBComplexBranded","description":"3B. Milgamma N, B-vitamin complex. Branded packaged product, defined by attributes.","isExample":true,"profile":["http://hl7.eu/fhir/r5/mpd/StructureDefinition/Medication-eu-mpd"],"groupingId":"-ex-example"},{"extension":[{"url":"http://hl7.org/fhir/tools/StructureDefinition/resource-sort","valueInteger":999999999},{"url":"http://hl7.org/fhir/StructureDefinition/implementationguide-page","valueUri":"Medication-04A-FirmagonBranded.html"}],"reference":{"reference":"Medication/04A-FirmagonBranded"},"name":"04A-FirmagonBranded","description":"4A. Firmagon. Branded packaged product, defined by attributes, includes administration devices.","isExample":true,"profile":["http://hl7.eu/fhir/r5/mpd/StructureDefinition/Medication-eu-mpd"],"groupingId":"-ex-example"},{"extension":[{"url":"http://hl7.org/fhir/tools/StructureDefinition/resource-sort","valueInteger":999999999},{"url":"http://hl7.org/fhir/StructureDefinition/implementationguide-page","valueUri":"Medication-05A-Tilidin-Branded.html"}],"reference":{"reference":"Medication/05A-Tilidin-Branded"},"name":"05A-Tilidin-Branded","description":"5A. Tilidin (50mg), Naloxon (4mg) oral drops. Branded packaged product, defined by attributes. Unusual strength.","isExample":true,"profile":["http://hl7.eu/fhir/r5/mpd/StructureDefinition/Medication-eu-mpd"],"groupingId":"-ex-example"},{"extension":[{"url":"http://hl7.org/fhir/tools/StructureDefinition/resource-sort","valueInteger":999999999},{"url":"http://hl7.org/fhir/StructureDefinition/implementationguide-page","valueUri":"Bundle-100A-multiitem-prescription-with-orchestration.html"}],"reference":{"reference":"Bundle/100A-multiitem-prescription-with-orchestration"},"name":"100A-multiitem-prescription-with-orchestration","description":"100A. Multiitem prescription with RequestOrchestration (R4 RequestGroup). 42-day cycle treatment consisting of three medications that should start at the same time. Wrapped in a Bundle for better readability.","isExample":true,"groupingId":"-ex-example"},{"extension":[{"url":"http://hl7.org/fhir/tools/StructureDefinition/resource-sort","valueInteger":999999999},{"url":"http://hl7.org/fhir/StructureDefinition/implementationguide-page","valueUri":"RequestOrchestration-100B-RequestOrchestration.html"}],"reference":{"reference":"RequestOrchestration/100B-RequestOrchestration"},"name":"100B-RequestOrchestration","description":"100B. A grouper for the lines of a multiitem prescription. It should not be considered the prescription object as such.","isExample":true,"groupingId":"-ex-example"},{"extension":[{"url":"http://hl7.org/fhir/tools/StructureDefinition/resource-sort","valueInteger":999999999},{"url":"http://hl7.org/fhir/StructureDefinition/implementationguide-page","valueUri":"MedicationRequest-100C-3-medication-prescription-request1.html"}],"reference":{"reference":"MedicationRequest/100C-3-medication-prescription-request1"},"name":"100C-3-medication-prescription-request1","description":"100C-1. A prescription item (MedicationRequest) that is a part of a three-item-prescription (42-day treatment cycle). Generic. Thalidomide 50mgx4 once a day before bed for 42 days.","isExample":true,"profile":["http://hl7.eu/fhir/r5/mpd/StructureDefinition/MedicationRequest-eu-mpd"],"groupingId":"-ex-example"},{"extension":[{"url":"http://hl7.org/fhir/tools/StructureDefinition/resource-sort","valueInteger":999999999},{"url":"http://hl7.org/fhir/StructureDefinition/implementationguide-page","valueUri":"MedicationRequest-100C-3-medication-prescription-request2.html"}],"reference":{"reference":"MedicationRequest/100C-3-medication-prescription-request2"},"name":"100C-3-medication-prescription-request2","description":"100C-2. A prescription item (MedicationRequest) that is a part of a three-item-prescription (42-day treatment cycle). Generic. Melphalan 2mgx4 once a day for 4 days in the beginning of cycle.","isExample":true,"profile":["http://hl7.eu/fhir/r5/mpd/StructureDefinition/MedicationRequest-eu-mpd"],"groupingId":"-ex-example"},{"extension":[{"url":"http://hl7.org/fhir/tools/StructureDefinition/resource-sort","valueInteger":999999999},{"url":"http://hl7.org/fhir/StructureDefinition/implementationguide-page","valueUri":"MedicationRequest-100C-3-medication-prescription-request3.html"}],"reference":{"reference":"MedicationRequest/100C-3-medication-prescription-request3"},"name":"100C-3-medication-prescription-request3","description":"100C-3. A prescription item (MedicationRequest) that is a part of a three-item-prescription (42-day treatment cycle). Generic. Prednisone 50mgx3 once a day for 4 days in the beginning of cycle.","isExample":true,"profile":["http://hl7.eu/fhir/r5/mpd/StructureDefinition/MedicationRequest-eu-mpd"],"groupingId":"-ex-example"},{"extension":[{"url":"http://hl7.org/fhir/tools/StructureDefinition/resource-sort","valueInteger":999999999},{"url":"http://hl7.org/fhir/StructureDefinition/implementationguide-page","valueUri":"Bundle-200A-multiitem-prescription-without-orchestration.html"}],"reference":{"reference":"Bundle/200A-multiitem-prescription-without-orchestration"},"name":"200A-multiitem-prescription-without-orchestration","description":"200A. Multiitem prescription where items on the same prescription are not interdependent. Kept together by the same groupIdentifier.","isExample":true,"groupingId":"-ex-example"},{"extension":[{"url":"http://hl7.org/fhir/tools/StructureDefinition/resource-sort","valueInteger":999999999},{"url":"http://hl7.org/fhir/StructureDefinition/implementationguide-page","valueUri":"MedicationRequest-200C-2-medication-prescription-request1.html"}],"reference":{"reference":"MedicationRequest/200C-2-medication-prescription-request1"},"name":"200C-2-medication-prescription-request1","description":"200C-1. A prescription item (MedicationRequest) that is a part of a two-item-prescription.","isExample":true,"profile":["http://hl7.eu/fhir/r5/mpd/StructureDefinition/MedicationRequest-eu-mpd"],"groupingId":"-ex-example"},{"extension":[{"url":"http://hl7.org/fhir/tools/StructureDefinition/resource-sort","valueInteger":999999999},{"url":"http://hl7.org/fhir/StructureDefinition/implementationguide-page","valueUri":"MedicationRequest-200C-2-medication-prescription-request2.html"}],"reference":{"reference":"MedicationRequest/200C-2-medication-prescription-request2"},"name":"200C-2-medication-prescription-request2","description":"200C-2. A prescription item (MedicationRequest) that is a part of a two-item-prescription.","isExample":true,"profile":["http://hl7.eu/fhir/r5/mpd/StructureDefinition/MedicationRequest-eu-mpd"],"groupingId":"-ex-example"},{"extension":[{"url":"http://hl7.org/fhir/tools/StructureDefinition/resource-sort","valueInteger":999999999},{"url":"http://hl7.org/fhir/StructureDefinition/implementationguide-page","valueUri":"Bundle-300A-multiitem-prescription-with-orchestration.html"}],"reference":{"reference":"Bundle/300A-multiitem-prescription-with-orchestration"},"name":"300A-multiitem-prescription-with-orchestration","description":"300A. Multiitem prescription with RequestOrchestration. 2 products dispensable as 1 multiitem product.","isExample":true,"groupingId":"-ex-example"},{"extension":[{"url":"http://hl7.org/fhir/tools/StructureDefinition/resource-sort","valueInteger":999999999},{"url":"http://hl7.org/fhir/StructureDefinition/implementationguide-page","valueUri":"RequestOrchestration-300B-RequestOrchestration.html"}],"reference":{"reference":"RequestOrchestration/300B-RequestOrchestration"},"name":"300B-RequestOrchestration","description":"300B. A grouper for the lines of a multiitem prescription.","isExample":true,"groupingId":"-ex-example"},{"extension":[{"url":"http://hl7.org/fhir/tools/StructureDefinition/resource-sort","valueInteger":999999999},{"url":"http://hl7.org/fhir/StructureDefinition/implementationguide-page","valueUri":"MedicationRequest-300C-2-medication-prescription-request1.html"}],"reference":{"reference":"MedicationRequest/300C-2-medication-prescription-request1"},"name":"300C-2-medication-prescription-request1","description":"300C-1. A prescription item (MedicationRequest) that is a part of a two-item-prescription. Clotrimazole pessaries.","isExample":true,"profile":["http://hl7.eu/fhir/r5/mpd/StructureDefinition/MedicationRequest-eu-mpd"],"groupingId":"-ex-example"},{"extension":[{"url":"http://hl7.org/fhir/tools/StructureDefinition/resource-sort","valueInteger":999999999},{"url":"http://hl7.org/fhir/StructureDefinition/implementationguide-page","valueUri":"MedicationRequest-300C-2-medication-prescription-request2.html"}],"reference":{"reference":"MedicationRequest/300C-2-medication-prescription-request2"},"name":"300C-2-medication-prescription-request2","description":"300C-2. A prescription item (MedicationRequest) that is a part of a two-item-prescription. Clotrimazole cream.","isExample":true,"profile":["http://hl7.eu/fhir/r5/mpd/StructureDefinition/MedicationRequest-eu-mpd"],"groupingId":"-ex-example"},{"extension":[{"url":"http://hl7.org/fhir/tools/StructureDefinition/resource-sort","valueInteger":999999999},{"url":"http://hl7.org/fhir/StructureDefinition/implementationguide-page","valueUri":"MedicationDispense-300D-dispense-for-2-requests.html"}],"reference":{"reference":"MedicationDispense/300D-dispense-for-2-requests"},"name":"300D-dispense-for-2-requests","description":"300D. Medication dispense dispensing one combination product for two prescribed products (multiitem prescription).","isExample":true,"profile":["http://hl7.eu/fhir/r5/mpd/StructureDefinition/MedicationDispense-eu-mpd"],"groupingId":"-ex-example"},{"extension":[{"url":"http://hl7.org/fhir/tools/StructureDefinition/resource-sort","valueInteger":999999999},{"url":"http://hl7.org/fhir/StructureDefinition/implementationguide-page","valueUri":"MedicationRequest-400C-prescription-cefuroxime-singleline.html"}],"reference":{"reference":"MedicationRequest/400C-prescription-cefuroxime-singleline"},"name":"400C-prescription-cefuroxime-singleline","description":"400C. A prescription/request with one medication and changing dosaging. Uses 'actionable' tag. Cefuroxime sodium.","isExample":true,"profile":["http://hl7.eu/fhir/r5/mpd/StructureDefinition/MedicationRequest-eu-mpd"],"groupingId":"-ex-example"},{"extension":[{"url":"http://hl7.org/fhir/tools/StructureDefinition/resource-sort","valueInteger":999999999},{"url":"http://hl7.org/fhir/StructureDefinition/implementationguide-page","valueUri":"MedicationDispense-400D-dispense-1.html"}],"reference":{"reference":"MedicationDispense/400D-dispense-1"},"name":"400D-dispense-1","description":"400D-1. Medication dispense fulfilling the first part of the order: 1 package containing 10 vials","isExample":true,"profile":["http://hl7.eu/fhir/r5/mpd/StructureDefinition/MedicationDispense-eu-mpd"],"groupingId":"-ex-example"},{"extension":[{"url":"http://hl7.org/fhir/tools/StructureDefinition/resource-sort","valueInteger":999999999},{"url":"http://hl7.org/fhir/StructureDefinition/implementationguide-page","valueUri":"MedicationDispense-400D-dispense-2.html"}],"reference":{"reference":"MedicationDispense/400D-dispense-2"},"name":"400D-dispense-2","description":"400D-2. Medication dispense fulfilling the second part of the order: 3 packages containing 5 vials each","isExample":true,"profile":["http://hl7.eu/fhir/r5/mpd/StructureDefinition/MedicationDispense-eu-mpd"],"groupingId":"-ex-example"},{"extension":[{"url":"http://hl7.org/fhir/tools/StructureDefinition/resource-sort","valueInteger":999999999},{"url":"http://hl7.org/fhir/StructureDefinition/implementationguide-page","valueUri":"MedicationDispense-400E-refused-dispense.html"}],"reference":{"reference":"MedicationDispense/400E-refused-dispense"},"name":"400E-refused-dispense","description":"400E. Refusal of medication dispense","isExample":true,"profile":["http://hl7.eu/fhir/r5/mpd/StructureDefinition/MedicationDispense-eu-mpd"],"groupingId":"-ex-example"},{"extension":[{"url":"http://hl7.org/fhir/tools/StructureDefinition/resource-sort","valueInteger":999999999},{"url":"http://hl7.org/fhir/StructureDefinition/implementationguide-page","valueUri":"PractitionerRole-doctor1.html"}],"reference":{"reference":"PractitionerRole/doctor1"},"name":"doctor1","description":"Dr Meryl Ärztin - clinical oncologist. PractitionerRole resource (practitioner working in a specific organisation).","isExample":true,"groupingId":"-ex-example"},{"extension":[{"url":"http://hl7.org/fhir/tools/StructureDefinition/resource-sort","valueInteger":999999999},{"url":"http://hl7.org/fhir/StructureDefinition/implementationguide-page","valueUri":"Organization-organization1.html"}],"reference":{"reference":"Organization/organization1"},"name":"organization1","description":"An organization: clinic. Organization resource.","isExample":true,"groupingId":"-ex-example"},{"extension":[{"url":"http://hl7.org/fhir/tools/StructureDefinition/resource-sort","valueInteger":999999999},{"url":"http://hl7.org/fhir/StructureDefinition/implementationguide-page","valueUri":"Organization-organization2.html"}],"reference":{"reference":"Organization/organization2"},"name":"organization2","description":"An organization: pharmacy. Organization resource.","isExample":true,"groupingId":"-ex-example"},{"extension":[{"url":"http://hl7.org/fhir/tools/StructureDefinition/resource-sort","valueInteger":999999999},{"url":"http://hl7.org/fhir/StructureDefinition/implementationguide-page","valueUri":"Patient-patient1.html"}],"reference":{"reference":"Patient/patient1"},"name":"patient1","description":"A patient: Thomas, born 1950. Patient resource.","isExample":true,"groupingId":"-ex-example"},{"extension":[{"url":"http://hl7.org/fhir/tools/StructureDefinition/resource-sort","valueInteger":999999999},{"url":"http://hl7.org/fhir/StructureDefinition/implementationguide-page","valueUri":"Patient-patient2.html"}],"reference":{"reference":"Patient/patient2"},"name":"patient2","description":"A patient: Emily, born 1990. Patient resource.","isExample":true,"groupingId":"-ex-example"},{"extension":[{"url":"http://hl7.org/fhir/tools/StructureDefinition/resource-sort","valueInteger":999999999},{"url":"http://hl7.org/fhir/StructureDefinition/implementationguide-page","valueUri":"PractitionerRole-pharmacist1.html"}],"reference":{"reference":"PractitionerRole/pharmacist1"},"name":"pharmacist1","description":"Mr Moon Farmatseut - pharmacist. PractitionerRole resource (practitioner working in a specific organisation).","isExample":true,"groupingId":"-ex-example"},{"extension":[{"url":"http://hl7.org/fhir/tools/StructureDefinition/resource-sort","valueInteger":999999999},{"url":"http://hl7.org/fhir/StructureDefinition/implementationguide-page","valueUri":"Practitioner-practitioner1.html"}],"reference":{"reference":"Practitioner/practitioner1"},"name":"practitioner1","description":"Dr Meryl Ärztin. Practitioner resource (not related to a specific organisation).","isExample":true,"groupingId":"-ex-example"},{"extension":[{"url":"http://hl7.org/fhir/tools/StructureDefinition/resource-sort","valueInteger":999999999},{"url":"http://hl7.org/fhir/StructureDefinition/implementationguide-page","valueUri":"Practitioner-practitioner2.html"}],"reference":{"reference":"Practitioner/practitioner2"},"name":"practitioner2","description":"Mr Moon Farmatseut. Practitioner resource (not related to a specific organisation).","isExample":true,"groupingId":"-ex-example"}],"page":{"sourceUrl":"toc.html","name":"toc.html","title":"Table of Contents","generation":"html","page":[{"sourceUrl":"index.html","name":"index.html","title":"Home","generation":"markdown"},{"sourceUrl":"authors.html","name":"authors.html","title":"Authors and Contributors","generation":"markdown"},{"sourceUrl":"background.html","name":"background.html","title":"Background","generation":"markdown"},{"sourceUrl":"challenges.html","name":"challenges.html","title":"Challenges","generation":"markdown"},{"sourceUrl":"copyright.html","name":"copyright.html","title":"Copyright","generation":"markdown"},{"sourceUrl":"crossversionanalysis.html","name":"crossversionanalysis.html","title":"Cross-version Analysis","generation":"markdown"},{"sourceUrl":"downloads.html","name":"downloads.html","title":"Downloads","generation":"markdown"},{"sourceUrl":"dependencies.html","name":"dependencies.html","title":"Dependencies","generation":"markdown"},{"sourceUrl":"designchoices.html","name":"designchoices.html","title":"Design Choices","generation":"markdown"},{"sourceUrl":"examples.html","name":"examples.html","title":"Examples","generation":"markdown"},{"sourceUrl":"implementationnotes.html","name":"implementationnotes.html","title":"Implementation Considerations","generation":"markdown"},{"sourceUrl":"knownissues.html","name":"knownissues.html","title":"Known Issues","generation":"markdown"},{"sourceUrl":"logicalmodels.html","name":"logicalmodels.html","title":"Logical Models","generation":"markdown"},{"sourceUrl":"medicationconcepts.html","name":"medicationconcepts.html","title":"Medication Concepts","generation":"markdown"},{"sourceUrl":"profiles.html","name":"profiles.html","title":"Mapping to Profiles","generation":"markdown"},{"sourceUrl":"references.html","name":"references.html","title":"Source and Additional Information","generation":"markdown"},{"sourceUrl":"scope.html","name":"scope.html","title":"Scope and Content","generation":"markdown"},{"sourceUrl":"terminology.html","name":"terminology.html","title":"Terminology Considerations","generation":"markdown"},{"sourceUrl":"usecases.html","name":"usecases.html","title":"Use Cases","generation":"markdown"},{"sourceUrl":"artifacts.html","name":"artifacts.html","title":"Artifacts Summary","generation":"html","page":[{"sourceUrl":"StructureDefinition-Prescription.html","name":"StructureDefinition-Prescription.html","title":"A - Prescription","generation":"generated"},{"sourceUrl":"StructureDefinition-Subject.html","name":"StructureDefinition-Subject.html","title":"A.1.1 Patient administrative data","generation":"generated"},{"sourceUrl":"StructureDefinition-MedicinalProduct.html","name":"StructureDefinition-MedicinalProduct.html","title":"A1.4 Identification of the prescribed product","generation":"generated"},{"sourceUrl":"StructureDefinition-Dispensation.html","name":"StructureDefinition-Dispensation.html","title":"B.1 Dispensation information (provided by the dispensing pharmacy)","generation":"generated"},{"sourceUrl":"StructureDefinition-Medication-eu-mpd.html","name":"StructureDefinition-Medication-eu-mpd.html","title":"Medication: MPD","generation":"generated"},{"sourceUrl":"StructureDefinition-MedicationDispense-eu-mpd.html","name":"StructureDefinition-MedicationDispense-eu-mpd.html","title":"MedicationDispense: MPD","generation":"generated"},{"sourceUrl":"StructureDefinition-MedicationRequest-eu-mpd.html","name":"StructureDefinition-MedicationRequest-eu-mpd.html","title":"MedicationRequest: MPD","generation":"generated"},{"sourceUrl":"ConceptMap-eD2FHIR-eu-mpd.html","name":"ConceptMap-eD2FHIR-eu-mpd.html","title":"eHN eDispense to this guide Map","generation":"generated"},{"sourceUrl":"ConceptMap-medProd2FHIR-eu-mpd.html","name":"ConceptMap-medProd2FHIR-eu-mpd.html","title":"eHN Medicinal Product to this guide Map","generation":"generated"},{"sourceUrl":"ConceptMap-eP2FHIR-eu-mpd.html","name":"ConceptMap-eP2FHIR-eu-mpd.html","title":"eHN ePrescription to this guide Map","generation":"generated"},{"sourceUrl":"Medication-01A-Cefuroxime1500GenericExplicit.html","name":"Medication-01A-Cefuroxime1500GenericExplicit.html","title":"01A-Cefuroxime1500GenericExplicit","generation":"generated"},{"sourceUrl":"Medication-01B-Cefuroxime1500GenericConcept.html","name":"Medication-01B-Cefuroxime1500GenericConcept.html","title":"01B-Cefuroxime1500GenericConcept","generation":"generated"},{"sourceUrl":"Medication-01C-Cefuroxime1500Branded.html","name":"Medication-01C-Cefuroxime1500Branded.html","title":"01C-Cefuroxime1500Branded","generation":"generated"},{"sourceUrl":"Medication-01D-Cefuroxime750Branded.html","name":"Medication-01D-Cefuroxime750Branded.html","title":"01D-Cefuroxime750Branded","generation":"generated"},{"sourceUrl":"Medication-02A-ClotrimazoleCanifugCremolum.html","name":"Medication-02A-ClotrimazoleCanifugCremolum.html","title":"02A-ClotrimazoleCanifugCremolum","generation":"generated"},{"sourceUrl":"Medication-02A1-CanifugCremolumCreamItem.html","name":"Medication-02A1-CanifugCremolumCreamItem.html","title":"02A1-CanifugCremolumCreamItem","generation":"generated"},{"sourceUrl":"Medication-02A2-CanifugCremolumPessaryItem.html","name":"Medication-02A2-CanifugCremolumPessaryItem.html","title":"02A2-CanifugCremolumPessaryItem","generation":"generated"},{"sourceUrl":"Medication-03B-VitaminBComplexBranded.html","name":"Medication-03B-VitaminBComplexBranded.html","title":"03B-VitaminBComplexBranded","generation":"generated"},{"sourceUrl":"Medication-04A-FirmagonBranded.html","name":"Medication-04A-FirmagonBranded.html","title":"04A-FirmagonBranded","generation":"generated"},{"sourceUrl":"Medication-05A-Tilidin-Branded.html","name":"Medication-05A-Tilidin-Branded.html","title":"05A-Tilidin-Branded","generation":"generated"},{"sourceUrl":"Bundle-100A-multiitem-prescription-with-orchestration.html","name":"Bundle-100A-multiitem-prescription-with-orchestration.html","title":"100A-multiitem-prescription-with-orchestration","generation":"generated"},{"sourceUrl":"RequestOrchestration-100B-RequestOrchestration.html","name":"RequestOrchestration-100B-RequestOrchestration.html","title":"100B-RequestOrchestration","generation":"generated"},{"sourceUrl":"MedicationRequest-100C-3-medication-prescription-request1.html","name":"MedicationRequest-100C-3-medication-prescription-request1.html","title":"100C-3-medication-prescription-request1","generation":"generated"},{"sourceUrl":"MedicationRequest-100C-3-medication-prescription-request2.html","name":"MedicationRequest-100C-3-medication-prescription-request2.html","title":"100C-3-medication-prescription-request2","generation":"generated"},{"sourceUrl":"MedicationRequest-100C-3-medication-prescription-request3.html","name":"MedicationRequest-100C-3-medication-prescription-request3.html","title":"100C-3-medication-prescription-request3","generation":"generated"},{"sourceUrl":"Bundle-200A-multiitem-prescription-without-orchestration.html","name":"Bundle-200A-multiitem-prescription-without-orchestration.html","title":"200A-multiitem-prescription-without-orchestration","generation":"generated"},{"sourceUrl":"MedicationRequest-200C-2-medication-prescription-request1.html","name":"MedicationRequest-200C-2-medication-prescription-request1.html","title":"200C-2-medication-prescription-request1","generation":"generated"},{"sourceUrl":"MedicationRequest-200C-2-medication-prescription-request2.html","name":"MedicationRequest-200C-2-medication-prescription-request2.html","title":"200C-2-medication-prescription-request2","generation":"generated"},{"sourceUrl":"Bundle-300A-multiitem-prescription-with-orchestration.html","name":"Bundle-300A-multiitem-prescription-with-orchestration.html","title":"300A-multiitem-prescription-with-orchestration","generation":"generated"},{"sourceUrl":"RequestOrchestration-300B-RequestOrchestration.html","name":"RequestOrchestration-300B-RequestOrchestration.html","title":"300B-RequestOrchestration","generation":"generated"},{"sourceUrl":"MedicationRequest-300C-2-medication-prescription-request1.html","name":"MedicationRequest-300C-2-medication-prescription-request1.html","title":"300C-2-medication-prescription-request1","generation":"generated"},{"sourceUrl":"MedicationRequest-300C-2-medication-prescription-request2.html","name":"MedicationRequest-300C-2-medication-prescription-request2.html","title":"300C-2-medication-prescription-request2","generation":"generated"},{"sourceUrl":"MedicationDispense-300D-dispense-for-2-requests.html","name":"MedicationDispense-300D-dispense-for-2-requests.html","title":"300D-dispense-for-2-requests","generation":"generated"},{"sourceUrl":"MedicationRequest-400C-prescription-cefuroxime-singleline.html","name":"MedicationRequest-400C-prescription-cefuroxime-singleline.html","title":"400C-prescription-cefuroxime-singleline","generation":"generated"},{"sourceUrl":"MedicationDispense-400D-dispense-1.html","name":"MedicationDispense-400D-dispense-1.html","title":"400D-dispense-1","generation":"generated"},{"sourceUrl":"MedicationDispense-400D-dispense-2.html","name":"MedicationDispense-400D-dispense-2.html","title":"400D-dispense-2","generation":"generated"},{"sourceUrl":"MedicationDispense-400E-refused-dispense.html","name":"MedicationDispense-400E-refused-dispense.html","title":"400E-refused-dispense","generation":"generated"},{"sourceUrl":"PractitionerRole-doctor1.html","name":"PractitionerRole-doctor1.html","title":"doctor1","generation":"generated"},{"sourceUrl":"Organization-organization1.html","name":"Organization-organization1.html","title":"organization1","generation":"generated"},{"sourceUrl":"Organization-organization2.html","name":"Organization-organization2.html","title":"organization2","generation":"generated"},{"sourceUrl":"Patient-patient1.html","name":"Patient-patient1.html","title":"patient1","generation":"generated"},{"sourceUrl":"Patient-patient2.html","name":"Patient-patient2.html","title":"patient2","generation":"generated"},{"sourceUrl":"PractitionerRole-pharmacist1.html","name":"PractitionerRole-pharmacist1.html","title":"pharmacist1","generation":"generated"},{"sourceUrl":"Practitioner-practitioner1.html","name":"Practitioner-practitioner1.html","title":"practitioner1","generation":"generated"},{"sourceUrl":"Practitioner-practitioner2.html","name":"Practitioner-practitioner2.html","title":"practitioner2","generation":"generated"}]}]},"parameter":[{"code":{"system":"http://hl7.org/fhir/tools/CodeSystem/ig-parameters","code":"copyrightyear"},"value":"2023+"},{"code":{"system":"http://hl7.org/fhir/tools/CodeSystem/ig-parameters","code":"releaselabel"},"value":"ci-build"},{"code":{"system":"http://hl7.org/fhir/tools/CodeSystem/ig-parameters","code":"special-url"},"value":"http://hl7.eu/fhir/StructureDefinition/package-type"},{"code":{"system":"http://hl7.org/fhir/tools/CodeSystem/ig-parameters","code":"autoload-resources"},"value":"true"},{"code":{"system":"http://hl7.org/fhir/guide-parameter-code","code":"path-resource"},"value":"input/capabilities"},{"code":{"system":"http://hl7.org/fhir/guide-parameter-code","code":"path-resource"},"value":"input/examples"},{"code":{"system":"http://hl7.org/fhir/guide-parameter-code","code":"path-resource"},"value":"input/extensions"},{"code":{"system":"http://hl7.org/fhir/guide-parameter-code","code":"path-resource"},"value":"input/models"},{"code":{"system":"http://hl7.org/fhir/guide-parameter-code","code":"path-resource"},"value":"input/operations"},{"code":{"system":"http://hl7.org/fhir/guide-parameter-code","code":"path-resource"},"value":"input/profiles"},{"code":{"system":"http://hl7.org/fhir/guide-parameter-code","code":"path-resource"},"value":"input/resources"},{"code":{"system":"http://hl7.org/fhir/guide-parameter-code","code":"path-resource"},"value":"input/vocabulary"},{"code":{"system":"http://hl7.org/fhir/guide-parameter-code","code":"path-resource"},"value":"input/maps"},{"code":{"system":"http://hl7.org/fhir/guide-parameter-code","code":"path-resource"},"value":"input/testing"},{"code":{"system":"http://hl7.org/fhir/guide-parameter-code","code":"path-resource"},"value":"input/history"},{"code":{"system":"http://hl7.org/fhir/guide-parameter-code","code":"path-resource"},"value":"fsh-generated/resources"},{"code":{"system":"http://hl7.org/fhir/guide-parameter-code","code":"path-pages"},"value":"template/config"},{"code":{"system":"http://hl7.org/fhir/guide-parameter-code","code":"path-pages"},"value":"input/images"},{"code":{"system":"http://hl7.org/fhir/tools/CodeSystem/ig-parameters","code":"path-liquid"},"value":"template/liquid"},{"code":{"system":"http://hl7.org/fhir/tools/CodeSystem/ig-parameters","code":"path-liquid"},"value":"input/liquid"},{"code":{"system":"http://hl7.org/fhir/tools/CodeSystem/ig-parameters","code":"path-qa"},"value":"temp/qa"},{"code":{"system":"http://hl7.org/fhir/tools/CodeSystem/ig-parameters","code":"path-temp"},"value":"temp/pages"},{"code":{"system":"http://hl7.org/fhir/tools/CodeSystem/ig-parameters","code":"path-output"},"value":"output"},{"code":{"system":"http://hl7.org/fhir/guide-parameter-code","code":"path-tx-cache"},"value":"input-cache/txcache"},{"code":{"system":"http://hl7.org/fhir/tools/CodeSystem/ig-parameters","code":"path-suppressed-warnings"},"value":"input/ignoreWarnings.txt"},{"code":{"system":"http://hl7.org/fhir/tools/CodeSystem/ig-parameters","code":"path-history"},"value":"http://hl7.eu/fhir/r5/mpd/history.html"},{"code":{"system":"http://hl7.org/fhir/tools/CodeSystem/ig-parameters","code":"template-html"},"value":"template-page.html"},{"code":{"system":"http://hl7.org/fhir/tools/CodeSystem/ig-parameters","code":"template-md"},"value":"template-page-md.html"},{"code":{"system":"http://hl7.org/fhir/tools/CodeSystem/ig-parameters","code":"apply-contact"},"value":"true"},{"code":{"system":"http://hl7.org/fhir/tools/CodeSystem/ig-parameters","code":"apply-context"},"value":"true"},{"code":{"system":"http://hl7.org/fhir/tools/CodeSystem/ig-parameters","code":"apply-copyright"},"value":"true"},{"code":{"system":"http://hl7.org/fhir/tools/CodeSystem/ig-parameters","code":"apply-jurisdiction"},"value":"true"},{"code":{"system":"http://hl7.org/fhir/tools/CodeSystem/ig-parameters","code":"apply-license"},"value":"true"},{"code":{"system":"http://hl7.org/fhir/tools/CodeSystem/ig-parameters","code":"apply-publisher"},"value":"true"},{"code":{"system":"http://hl7.org/fhir/tools/CodeSystem/ig-parameters","code":"apply-version"},"value":"true"},{"code":{"system":"http://hl7.org/fhir/tools/CodeSystem/ig-parameters","code":"apply-wg"},"value":"true"},{"code":{"system":"http://hl7.org/fhir/tools/CodeSystem/ig-parameters","code":"active-tables"},"value":"true"},{"code":{"system":"http://hl7.org/fhir/tools/CodeSystem/ig-parameters","code":"fmm-definition"},"value":"http://hl7.org/fhir/versions.html#maturity"},{"code":{"system":"http://hl7.org/fhir/tools/CodeSystem/ig-parameters","code":"propagate-status"},"value":"true"},{"code":{"system":"http://hl7.org/fhir/tools/CodeSystem/ig-parameters","code":"excludelogbinaryformat"},"value":"true"},{"code":{"system":"http://hl7.org/fhir/tools/CodeSystem/ig-parameters","code":"tabbed-snapshots"},"value":"true"}]}}