<?xml version="1.0" encoding="UTF-8"?>

<MedicationRequest xmlns="http://hl7.org/fhir">
  <id value="300C-2-medication-prescription-request1"/>
  <meta>
    <profile value="http://hl7.eu/fhir/r5/mpd/StructureDefinition/MedicationRequest-eu-mpd"/>
  </meta>
  <text>
    <status value="generated"/><div xmlns="http://www.w3.org/1999/xhtml"><p class="res-header-id"><b>Generated Narrative: MedicationRequest 300C-2-medication-prescription-request1</b></p><a name="300C-2-medication-prescription-request1"> </a><a name="hc300C-2-medication-prescription-request1"> </a><a name="300C-2-medication-prescription-request1-en-US"> </a><div style="display: inline-block; background-color: #d9e0e7; padding: 6px; margin: 4px; border: 1px solid #8da1b4; border-radius: 5px; line-height: 60%"><p style="margin-bottom: 0px"/><p style="margin-bottom: 0px">Profile: <a href="StructureDefinition-MedicationRequest-eu-mpd.html">MedicationRequest: MPD</a></p></div><p><b>identifier</b>: 300-1/2</p><p><b>groupIdentifier</b>: 300</p><p><b>status</b>: Active</p><p><b>intent</b>: Option</p><h3>Medications</h3><table class="grid"><tr><td style="display: none">-</td><td><b>Reference</b></td></tr><tr><td style="display: none">*</td><td><a href="Medication-02A2-CanifugCremolumPessaryItem.html">Medication: extension = Pessary; doseForm = Pessary; totalVolume = 6 Pessary</a></td></tr></table><p><b>subject</b>: <a href="Patient-patient1.html">Thomas Engine  Male, DoB: 1950-09-15 ( 12345)</a></p><p><b>authoredOn</b>: 2024-10-06</p><p><b>requester</b>: <a href="PractitionerRole-doctor1.html">PractitionerRole Clinical oncologist</a></p><h3>Reasons</h3><table class="grid"><tr><td style="display: none">-</td><td><b>Concept</b></td></tr><tr><td style="display: none">*</td><td><span title="Codes:{http://snomed.info/sct 72934000}">Candidiasis of vagina</span></td></tr></table><blockquote><p><b>dosageInstruction</b></p><p><b>timing</b>: Late Evening, Once per 1 day</p><h3>DoseAndRates</h3><table class="grid"><tr><td style="display: none">-</td><td><b>Dose[x]</b></td></tr><tr><td style="display: none">*</td><td>1 Pessary<span style="background: LightGoldenRodYellow"> (Details: SNOMED CT  code733007009 = '733007009')</span></td></tr></table></blockquote><h3>DispenseRequests</h3><table class="grid"><tr><td style="display: none">-</td><td><b>ValidityPeriod</b></td><td><b>NumberOfRepeatsAllowed</b></td><td><b>Quantity</b></td></tr><tr><td style="display: none">*</td><td>2024-10-06 --&gt; 2024-12-06</td><td>1</td><td>6 Pessary<span style="background: LightGoldenRodYellow"> (Details: SNOMED CT  code733007009 = '733007009')</span></td></tr></table></div>
  </text>
  <identifier>
    <value value="300-1/2"/>
  </identifier>
  <groupIdentifier>
    <value value="300"/>
  </groupIdentifier>
  <status value="active"/>
  <intent value="option"/>
  <medication>
    <reference>
      <reference value="Medication/02A2-CanifugCremolumPessaryItem"/>
    </reference>
  </medication>
  <subject>
    <reference value="Patient/patient1"/>
  </subject>
  <authoredOn value="2024-10-06"/>
  <requester>
    <reference value="PractitionerRole/doctor1"/>
  </requester>
  <reason>
    <concept>
      <coding>
        <system value="http://snomed.info/sct"/>
        <code value="72934000"/>
        <display value="Candidiasis of vagina"/>
      </coding>
    </concept>
  </reason>
  <dosageInstruction>
    <timing>
      <repeat>
        <boundsDuration>
          <value value="6"/>
          <unit value="day"/>
          <system value="http://unitsofmeasure.org"/>
          <code value="d"/>
        </boundsDuration>
        <frequency value="1"/>
        <period value="1"/>
        <periodUnit value="d"/>
        <when value="EVE.late"/>
      </repeat>
    </timing>
    <doseAndRate>
      <doseQuantity>
        <value value="1"/>
        <unit value="Pessary"/>
        <system value="http://snomed.info/sct"/>
        <code value="733007009"/>
      </doseQuantity>
    </doseAndRate>
  </dosageInstruction>
  <dispenseRequest>
    <validityPeriod>
      <start value="2024-10-06"/>
      <end value="2024-12-06"/>
    </validityPeriod>
    <numberOfRepeatsAllowed value="1"/>
    <quantity>
      <value value="6"/>
      <unit value="Pessary"/>
      <system value="http://snomed.info/sct"/>
      <code value="733007009"/>
    </quantity>
  </dispenseRequest>
</MedicationRequest>