<?xml version="1.0" encoding="UTF-8"?>

<Medication xmlns="http://hl7.org/fhir">
  <id value="01D-Cefuroxime750Branded"/>
  <meta>
    <profile value="http://hl7.eu/fhir/r5/mpd/StructureDefinition/Medication-eu-mpd"/>
  </meta>
  <text>
    <status value="extensions"/><div xmlns="http://www.w3.org/1999/xhtml"><p class="res-header-id"><b>Generated Narrative: Medication 01D-Cefuroxime750Branded</b></p><a name="01D-Cefuroxime750Branded"> </a><a name="hc01D-Cefuroxime750Branded"> </a><a name="01D-Cefuroxime750Branded-en-US"> </a><div style="display: inline-block; background-color: #d9e0e7; padding: 6px; margin: 4px; border: 1px solid #8da1b4; border-radius: 5px; line-height: 60%"><p style="margin-bottom: 0px"/><p style="margin-bottom: 0px">Profile: <a href="StructureDefinition-Medication-eu-mpd.html">Medication: MPD</a></p></div><p><b>Medication - Classification</b>: <span title="Codes:{http://www.whocc.no/atc J01DC02}">cefuroxime</span></p><p><b>Medication - Product Name</b>: Cefuroxime MIP 750 mg, süstelahuse pulber</p><p><b>Medication - Unit of presentation</b>: <span title="Codes:{http://standardterms.edqm.eu 15060000}">Vial</span></p><p><b>identifier</b>: <code>https://www.ravimiregister.ee</code>/1529928</p><p><b>marketingAuthorizationHolder</b>: MIP Pharma GmbH</p><p><b>doseForm</b>: <span title="Codes:{http://standardterms.edqm.eu 11205000}">Powder for solution for injection</span></p><p><b>totalVolume</b>: 5 Vial<span style="background: LightGoldenRodYellow"> (Details: standardterms.edqm.eu  code15060000 = '15060000')</span></p><blockquote><p><b>ingredient</b></p><h3>Items</h3><table class="grid"><tr><td style="display: none">-</td><td><b>Concept</b></td></tr><tr><td style="display: none">*</td><td><span title="Codes:{http://snomed.info/sct 48753004}">Cefuroxime sodium</span></td></tr></table><p><b>isActive</b>: true</p><p><b>strength</b>: 750 milligram<span style="background: LightGoldenRodYellow"> (Details: UCUM  codemg = 'mg')</span>/1 Vial<span style="background: LightGoldenRodYellow"> (Details: standardterms.edqm.eu  code15060000 = '15060000')</span></p></blockquote></div>
  </text>
  <extension url="http://profiles.ihe.net/PHARM/MPD/StructureDefinition/ihe-ext-medication-classification">
    <valueCodeableConcept>
      <coding>
        <system value="http://www.whocc.no/atc"/>
        <code value="J01DC02"/>
        <display value="cefuroxime"/>
      </coding>
    </valueCodeableConcept>
  </extension>
  <extension url="http://profiles.ihe.net/PHARM/MPD/StructureDefinition/ihe-ext-medication-productname">
    <valueString value="Cefuroxime MIP 750 mg, süstelahuse pulber"/>
  </extension>
  <extension url="http://profiles.ihe.net/PHARM/MPD/StructureDefinition/ihe-ext-medication-unitofpresentation">
    <valueCodeableConcept>
      <coding>
        <system value="http://standardterms.edqm.eu"/>
        <code value="15060000"/>
        <display value="Vial"/>
      </coding>
    </valueCodeableConcept>
  </extension>
  <identifier>
    <system value="https://www.ravimiregister.ee"/>
    <value value="1529928"/>
  </identifier>
  <marketingAuthorizationHolder>
    <display value="MIP Pharma GmbH"/>
  </marketingAuthorizationHolder>
  <doseForm>
    <coding>
      <system value="http://standardterms.edqm.eu"/>
      <code value="11205000"/>
      <display value="Powder for solution for injection"/>
    </coding>
  </doseForm>
  <totalVolume>
    <value value="5"/>
    <unit value="Vial"/>
    <system value="http://standardterms.edqm.eu"/>
    <code value="15060000"/>
  </totalVolume>
  <ingredient>
    <item>
      <concept>
        <coding>
          <system value="http://snomed.info/sct"/>
          <code value="48753004"/>
          <display value="Cefuroxime sodium"/>
        </coding>
      </concept>
    </item>
    <isActive value="true"/>
    <strengthRatio>
      <extension url="http://profiles.ihe.net/PHARM/MPD/StructureDefinition/ihe-ext-medication-strengthsubstance">
        <valueCodeableConcept>
          <coding>
            <system value="http://snomed.info/sct"/>
            <code value="372833007"/>
            <display value="Cefuroxime"/>
          </coding>
        </valueCodeableConcept>
      </extension>
      <numerator>
        <value value="750"/>
        <unit value="milligram"/>
        <system value="http://unitsofmeasure.org"/>
        <code value="mg"/>
      </numerator>
      <denominator>
        <value value="1"/>
        <unit value="Vial"/>
        <system value="http://standardterms.edqm.eu"/>
        <code value="15060000"/>
      </denominator>
    </strengthRatio>
  </ingredient>
</Medication>