{"resourceType":"ConceptMap","id":"eP2FHIR-eu-mpd","text":{"status":"generated","div":"<div xmlns=\"http://www.w3.org/1999/xhtml\"><p class=\"res-header-id\"><b>Generated Narrative: ConceptMap eP2FHIR-eu-mpd</b></p><a name=\"eP2FHIR-eu-mpd\"> </a><a name=\"hceP2FHIR-eu-mpd\"> </a><a name=\"eP2FHIR-eu-mpd-en-US\"> </a><p>Mapping from (not specified) to (not specified)</p><br/><p><b>Group 1 </b>Mapping from <a href=\"StructureDefinition-Prescription.html\">A - Prescription</a> to <a href=\"StructureDefinition-MedicationRequest-eu-mpd.html\">MedicationRequest: MPD</a></p><table class=\"grid\"><tr><td><b>Source Code</b></td><td><b>Relationship</b></td><td><b>Target Code</b></td><td><b>Comment</b></td></tr><tr><td>Prescription.patient (A.1.1 Patient administrative data)</td><td><a href=\"http://hl7.org/fhir/R5/codesystem-concept-map-relationship.html#equivalent\" title=\"equivalent\">is equivalent to</a></td><td>MedicationRequest.subject</td><td/></tr><tr><td>Prescription.authentication.identifier (A.1.2.1 Identifier of the Prescription)</td><td><a href=\"http://hl7.org/fhir/R5/codesystem-concept-map-relationship.html#equivalent\" title=\"equivalent\">is equivalent to</a></td><td>MedicationRequest.identifier</td><td>if a prescription includes only one prescribed item</td></tr><tr><td>Prescription.authentication.identifier (A.1.2.1 Identifier of the Prescription)</td><td><a href=\"http://hl7.org/fhir/R5/codesystem-concept-map-relationship.html#equivalent\" title=\"equivalent\">is equivalent to</a></td><td>MedicationRequest.groupIdentifier</td><td>if a prescription includes more then one prescribed item</td></tr><tr><td>Prescription.authentication.date (A.1.2.2 Issue date)</td><td><a href=\"http://hl7.org/fhir/R5/codesystem-concept-map-relationship.html#equivalent\" title=\"equivalent\">is equivalent to</a></td><td>MedicationRequest.authoredOn</td><td/></tr><tr><td>Prescription.prescriber (A.1.3 Identification of the prescribing health professional)</td><td><a href=\"http://hl7.org/fhir/R5/codesystem-concept-map-relationship.html#equivalent\" title=\"equivalent\">is equivalent to</a></td><td>MedicationRequest.requester</td><td/></tr><tr><td>Prescription.prescriber.familyName (A.1.3.1 Familyname)</td><td><a href=\"http://hl7.org/fhir/R5/codesystem-concept-map-relationship.html#relatedto\" title=\"relatedto\">is related to</a></td><td>MedicationRequest.requester</td><td>Details in the referred Practitioner or PractitionerRole resource</td></tr><tr><td>Prescription.prescriber.givenName (A.1.3.2 Given name)</td><td><a href=\"http://hl7.org/fhir/R5/codesystem-concept-map-relationship.html#relatedto\" title=\"relatedto\">is related to</a></td><td>MedicationRequest.requester</td><td>Details in the referred Practitioner or PractitionerRole resource</td></tr><tr><td>Prescription.prescriber.qualification (A.1.3.3 Professional qualifications)</td><td><a href=\"http://hl7.org/fhir/R5/codesystem-concept-map-relationship.html#relatedto\" title=\"relatedto\">is related to</a></td><td>MedicationRequest.requester</td><td>Details in the referred Practitioner or PractitionerRole resource</td></tr><tr><td>Prescription.prescriber.contact (A.1.3.4 Details for direct contact)</td><td><a href=\"http://hl7.org/fhir/R5/codesystem-concept-map-relationship.html#relatedto\" title=\"relatedto\">is related to</a></td><td>MedicationRequest.requester</td><td>Details in the referred Practitioner or PractitionerRole resource</td></tr><tr><td>Prescription.prescriber.workAddress (A.1.3.5 Work address)</td><td><a href=\"http://hl7.org/fhir/R5/codesystem-concept-map-relationship.html#relatedto\" title=\"relatedto\">is related to</a></td><td>MedicationRequest.requester</td><td>Details in the referred Practitioner or PractitionerRole resource</td></tr><tr><td>Prescription.prescriber.signature (A.1.3.6 Signature)</td><td colspan=\"3\" style=\"background-color: #efefef\">(not mapped)</td></tr><tr><td>Prescription.prescriber.identifier (A.1.3.7 Health care provider identifier)</td><td><a href=\"http://hl7.org/fhir/R5/codesystem-concept-map-relationship.html#relatedto\" title=\"relatedto\">is related to</a></td><td>MedicationRequest.requester</td><td>Details in the referred Practitioner or PractitionerRole resource</td></tr><tr><td>Prescription.product (A1.4 Identification of the prescribed product)</td><td><a href=\"http://hl7.org/fhir/R5/codesystem-concept-map-relationship.html#equivalent\" title=\"equivalent\">is equivalent to</a></td><td>MedicationRequest.medication</td><td/></tr><tr><td>Prescription.details (A.1.5 Prescription information)</td><td><a href=\"http://hl7.org/fhir/R5/codesystem-concept-map-relationship.html#relatedto\" title=\"relatedto\">is related to</a></td><td>MedicationRequest</td><td/></tr><tr><td>Prescription.details.quantity (A.1.5.2 Quantity of prescribed product)</td><td><a href=\"http://hl7.org/fhir/R5/codesystem-concept-map-relationship.html#relatedto\" title=\"relatedto\">is related to</a></td><td>MedicationRequest.dispenseRequest.extension[prescribedQuantity]</td><td/></tr><tr><td>Prescription.details.doseRegimen (A.1.5.3 Dose regimen)</td><td><a href=\"http://hl7.org/fhir/R5/codesystem-concept-map-relationship.html#equivalent\" title=\"equivalent\">is equivalent to</a></td><td>MedicationRequest.dosageInstruction</td><td/></tr><tr><td>Prescription.details.doseRegimen.unitsPerIntake (A.1.5.3.1 Number of units per intake)</td><td><a href=\"http://hl7.org/fhir/R5/codesystem-concept-map-relationship.html#equivalent\" title=\"equivalent\">is equivalent to</a></td><td>MedicationRequest.dosageInstruction.doseAndRate.dose</td><td/></tr><tr><td>Prescription.details.doseRegimen.frequencyOfIntakes (A.1.5.3.2 Frequency of intakes)</td><td><a href=\"http://hl7.org/fhir/R5/codesystem-concept-map-relationship.html#relatedto\" title=\"relatedto\">is related to</a></td><td>MedicationRequest.dosageInstruction.timing</td><td>A combination of frequency, period and periodUnit.\n'3 times per day', 3 would be the frequency and '1 day' would be the period/periodUnit.</td></tr><tr><td>Prescription.details.route (A.1.5.4 Route of administration)</td><td><a href=\"http://hl7.org/fhir/R5/codesystem-concept-map-relationship.html#equivalent\" title=\"equivalent\">is equivalent to</a></td><td>MedicationRequest.dosageInstruction.route</td><td/></tr><tr><td>Prescription.details.duration (A.1.5.5 Duration of treatment)</td><td><a href=\"http://hl7.org/fhir/R5/codesystem-concept-map-relationship.html#equivalent\" title=\"equivalent\">is equivalent to</a></td><td>MedicationRequest.dosageInstruction.timing.repeat.period</td><td/></tr><tr><td>Prescription.details.startDate (A.1.5.6 Starting date of therapy)</td><td><a href=\"http://hl7.org/fhir/R5/codesystem-concept-map-relationship.html#relatedto\" title=\"relatedto\">is related to</a></td><td>MedicationRequest.dosageInstruction.timing.period</td><td/></tr><tr><td>Prescription.details.directionsOfUse (A.1.5.7 Directions for use)</td><td><a href=\"http://hl7.org/fhir/R5/codesystem-concept-map-relationship.html#relatedto\" title=\"relatedto\">is related to</a></td><td>MedicationRequest.dosageInstruction</td><td/></tr><tr><td>Prescription.details.expiryDate (A.1.5.8 Prescription expiry date)</td><td><a href=\"http://hl7.org/fhir/R5/codesystem-concept-map-relationship.html#equivalent\" title=\"equivalent\">is equivalent to</a></td><td>MedicationRequest.dispenseRequest.validityPeriod.end</td><td/></tr><tr><td>Prescription.details.repeats (A.1.5.9 Repeats)</td><td><a href=\"http://hl7.org/fhir/R5/codesystem-concept-map-relationship.html#relatedto\" title=\"relatedto\">is related to</a></td><td>MedicationRequest.dispenseRequest.numberOfRepeatsAllowed</td><td/></tr><tr><td>Prescription.details.reason (A.1.5.10 Reason for prescription)</td><td><a href=\"http://hl7.org/fhir/R5/codesystem-concept-map-relationship.html#relatedto\" title=\"relatedto\">is related to</a></td><td>MedicationRequest.reasonReference</td><td/></tr><tr><td>Prescription.details.reason (A.1.5.10 Reason for prescription)</td><td><a href=\"http://hl7.org/fhir/R5/codesystem-concept-map-relationship.html#equivalent\" title=\"equivalent\">is equivalent to</a></td><td>MedicationRequest.reasonCode</td><td/></tr><tr><td>Prescription.details.substitution (A.1.5.11 Substitution)</td><td><a href=\"http://hl7.org/fhir/R5/codesystem-concept-map-relationship.html#equivalent\" title=\"equivalent\">is equivalent to</a></td><td>MedicationRequest.substitution</td><td/></tr></table></div>"},"url":"http://hl7.eu/fhir/mpd/ConceptMap/eP2FHIR-eu-mpd","version":"0.1.0","name":"eP2Fhir","title":"eHN ePrescription to this guide Map","status":"draft","experimental":true,"date":"2025-03-31T10:35:42+00:00","publisher":"HL7 Europe","contact":[{"name":"HL7 Europe","telecom":[{"system":"url","value":"http://hl7.eu"}]}],"description":"eHN ePrescription Model to this guide Map","jurisdiction":[{"coding":[{"system":"http://unstats.un.org/unsd/methods/m49/m49.htm","code":"150","display":"Europe"}]}],"purpose":"It shows how the ePrescription data set defined by the EU eHN guidelines is mapped into this guide","copyright":"Used by permission of HL7 Europe, all rights reserved Creative Commons License","group":[{"source":"http://hl7.eu/fhir/mpd/StructureDefinition/Prescription","target":"http://hl7.eu/fhir/mpd/StructureDefinition/MedicationRequest-eu-mpd","element":[{"code":"Prescription.patient","display":"A.1.1 Patient administrative data","target":[{"code":"MedicationRequest.subject","equivalence":"equivalent"}]},{"code":"Prescription.authentication.identifier","display":"A.1.2.1 Identifier of the Prescription","target":[{"code":"MedicationRequest.identifier","equivalence":"equivalent","comment":"if a prescription includes only one prescribed item"}]},{"code":"Prescription.authentication.identifier","display":"A.1.2.1 Identifier of the Prescription","target":[{"code":"MedicationRequest.groupIdentifier","equivalence":"equivalent","comment":"if a prescription includes more then one prescribed item"}]},{"code":"Prescription.authentication.date","display":"A.1.2.2 Issue date","target":[{"code":"MedicationRequest.authoredOn","equivalence":"equivalent"}]},{"code":"Prescription.prescriber","display":"A.1.3 Identification of the prescribing health professional","target":[{"code":"MedicationRequest.requester","equivalence":"equivalent"}]},{"code":"Prescription.prescriber.familyName","display":"A.1.3.1 Familyname","target":[{"code":"MedicationRequest.requester","equivalence":"relatedto","comment":"Details in the referred Practitioner or PractitionerRole resource"}]},{"code":"Prescription.prescriber.givenName","display":"A.1.3.2 Given name","target":[{"code":"MedicationRequest.requester","equivalence":"relatedto","comment":"Details in the referred Practitioner or PractitionerRole resource"}]},{"code":"Prescription.prescriber.qualification","display":"A.1.3.3 Professional qualifications","target":[{"code":"MedicationRequest.requester","equivalence":"relatedto","comment":"Details in the referred Practitioner or PractitionerRole resource"}]},{"code":"Prescription.prescriber.contact","display":"A.1.3.4 Details for direct contact","target":[{"code":"MedicationRequest.requester","equivalence":"relatedto","comment":"Details in the referred Practitioner or PractitionerRole resource"}]},{"code":"Prescription.prescriber.workAddress","display":"A.1.3.5 Work address","target":[{"code":"MedicationRequest.requester","equivalence":"relatedto","comment":"Details in the referred Practitioner or PractitionerRole resource"}]},{"code":"Prescription.prescriber.signature","display":"A.1.3.6 Signature","target":[{"equivalence":"unmatched","comment":"Implementation specific"}]},{"code":"Prescription.prescriber.identifier","display":"A.1.3.7 Health care provider identifier","target":[{"code":"MedicationRequest.requester","equivalence":"relatedto","comment":"Details in the referred Practitioner or PractitionerRole resource"}]},{"code":"Prescription.product","display":"A1.4 Identification of the prescribed product","target":[{"code":"MedicationRequest.medication","equivalence":"equivalent"}]},{"code":"Prescription.details","display":"A.1.5 Prescription information","target":[{"code":"MedicationRequest","equivalence":"relatedto"}]},{"code":"Prescription.details.quantity","display":"A.1.5.2 Quantity of prescribed product","target":[{"code":"MedicationRequest.dispenseRequest.extension[prescribedQuantity]","equivalence":"relatedto"}]},{"code":"Prescription.details.doseRegimen","display":"A.1.5.3 Dose regimen","target":[{"code":"MedicationRequest.dosageInstruction","equivalence":"equivalent"}]},{"code":"Prescription.details.doseRegimen.unitsPerIntake","display":"A.1.5.3.1 Number of units per intake","target":[{"code":"MedicationRequest.dosageInstruction.doseAndRate.dose","equivalence":"equivalent"}]},{"code":"Prescription.details.doseRegimen.frequencyOfIntakes","display":"A.1.5.3.2 Frequency of intakes","target":[{"code":"MedicationRequest.dosageInstruction.timing","equivalence":"relatedto","comment":"A combination of frequency, period and periodUnit.\n'3 times per day', 3 would be the frequency and '1 day' would be the period/periodUnit."}]},{"code":"Prescription.details.route","display":"A.1.5.4 Route of administration","target":[{"code":"MedicationRequest.dosageInstruction.route","equivalence":"equivalent"}]},{"code":"Prescription.details.duration","display":"A.1.5.5 Duration of treatment","target":[{"code":"MedicationRequest.dosageInstruction.timing.repeat.period","equivalence":"equivalent"}]},{"code":"Prescription.details.startDate","display":"A.1.5.6 Starting date of therapy","target":[{"code":"MedicationRequest.dosageInstruction.timing.period","equivalence":"relatedto"}]},{"code":"Prescription.details.directionsOfUse","display":"A.1.5.7 Directions for use","target":[{"code":"MedicationRequest.dosageInstruction","equivalence":"relatedto"}]},{"code":"Prescription.details.expiryDate","display":"A.1.5.8 Prescription expiry date","target":[{"code":"MedicationRequest.dispenseRequest.validityPeriod.end","equivalence":"equivalent"}]},{"code":"Prescription.details.repeats","display":"A.1.5.9 Repeats","target":[{"code":"MedicationRequest.dispenseRequest.numberOfRepeatsAllowed","equivalence":"relatedto"}]},{"code":"Prescription.details.reason","display":"A.1.5.10 Reason for prescription","target":[{"code":"MedicationRequest.reasonReference","equivalence":"relatedto"}]},{"code":"Prescription.details.reason","display":"A.1.5.10 Reason for prescription","target":[{"code":"MedicationRequest.reasonCode","equivalence":"equivalent"}]},{"code":"Prescription.details.substitution","display":"A.1.5.11 Substitution","target":[{"code":"MedicationRequest.substitution","equivalence":"equivalent"}]}]}]}